Specimen,SpeciesExpanded,Canine-Premolar contact R_X,Canine-Premolar contact R_Y,Canine-Premolar contact R_Z,Canine-Premolar contact L_X,Canine-Premolar contact L_Y,Canine-Premolar contact L_Z,Distal M3 R_X,Distal M3 R_Y,Distal M3 R_Z,Distal M3 L_X,Distal M3 L_Y,Distal M3 L_Z,Nasion_X,Nasion_Y,Nasion_Z,Nasospinale_X,Nasospinale_Y,Nasospinale_Z,Prosthion_X,Prosthion_Y,Prosthion_Z,Mid-orbit torus superior R_X,Mid-orbit torus superior R_Y,Mid-orbit torus superior R_Z,Mid-orbit torus inferior R_X,Mid-orbit torus inferior R_Y,Mid-orbit torus inferior R_Z,Dacryon R_X,Dacryon R_Y,Dacryon R_Z,Zygoorbitale R_X,Zygoorbitale R_Y,Zygoorbitale R_Z,Frontomalare Orb R_X,Frontomalare Orb R_Y,Frontomalare Orb R_Z,Infraorbital for.R_X,Infraorbital for.R_Y,Infraorbital for.R_Z,Zygomaxillare R_X,Zygomaxillare R_Y,Zygomaxillare R_Z,Alare R_X,Alare R_Y,Alare R_Z,Mid-orbit torus superior L_X,Mid-orbit torus superior L_Y,Mid-orbit torus superior L_Z,Mid-orbit torus inferior L_X,Mid-orbit torus inferior L_Y,Mid-orbit torus inferior L_Z,Dacryon L_X,Dacryon L_Y,Dacryon L_Z,Zygoorbitale L_X,Zygoorbitale L_Y,Zygoorbitale L_Z,Frontomalare Orb L_X,Frontomalare Orb L_Y,Frontomalare Orb L_Z,Infraorbital for. L_X,Infraorbital for. L_Y,Infraorbital for. L_Z,Zygomaxillare L_X,Zygomaxillare L_Y,Zygomaxillare L_Z,Alare L_X,Alare L_Y,Alare L_Z
Das Es Soltane 5,early H. sapiens,NA,NA,NA,12.4344,22.7639,14.5433,NA,NA,NA,NA,NA,NA,10.67949332,20.13790681,7.106117446,10.20157856,21.66465815,12.27864542,9.848905155,23.03407638,13.92169826,6.442155135,18.80829098,4.841454411,6.535624197,19.1131112,6.347362606,9.42792036,19.24355371,8.358844365,7.09657536,19.79769386,10.38256213,4.941336516,17.56564177,7.989575424,NA,NA,NA,5.700455642,19.50896169,13.19808492,9.769938601,20.92822397,10.9440311,14.96251248,19.42435937,5.244916974,14.78164714,19.86896006,6.85100441,12.17681959,19.40099643,8.301373732,14.51195922,20.22240867,10.22753033,16.57814179,18.58598739,8.493539351,NA,NA,NA,16.04797992,20.10161433,12.9817515,11.75276669,21.04179011,10.90257655
Jebel Irhoud 1,early H. sapiens,9.1188,23.1681,14.1823,14.2723,23.3256,13.9376,NA,NA,NA,NA,NA,NA,11.44961063,21.231177,6.75949432,11.67247913,22.99797932,11.64283233,11.60850917,24.28080649,13.64060614,7.302121676,20.07615627,5.165856793,7.450829666,20.45319922,6.143248344,10.20254713,19.88974809,7.689064232,7.912286818,20.18537871,9.867890866,5.728901642,19.27372124,7.500735532,8.563136832,20.77088975,11.05551216,6.010525508,19.82465707,12.12118814,9.849724384,22.04694494,10.9207978,15.26758273,20.8422374,4.814615986,15.33232919,21.07798806,5.759919388,12.97028399,20.42956631,7.507516843,15.23374033,20.75508365,9.69334214,17.1228431,20.41179694,12.19377782,14.60993546,21.30589155,10.72134165,17.1369522,20.34105195,12.20568285,13.28567118,22.29734136,11.04442381
Qafzeh 6,early H. sapiens,4.9431,25.7086,15.3123,9.7092,26.3991,15.4175,5.1967,21.3962,15.1099,10.4554,22.1367,15.2777,7.468621026,25.44019774,8.208336212,7.337453143,26.58659135,12.99955607,7.166174382,27.22190405,14.72782827,4.21154155,24.85627342,5.758924278,4.317683099,24.99001224,7.424228547,6.725021238,24.14563327,8.819873122,3.979431149,24.19439351,10.81094488,2.149590973,23.53660243,8.975080044,3.976084831,24.43564794,12.49722617,1.853441922,23.75398585,13.47113672,5.867216449,25.73832508,11.92545077,10.88327848,25.44504975,5.856471213,10.82761439,25.53679718,7.454991369,8.773260079,24.64961063,8.605515899,10.92511552,25.06625071,11.03424553,13.09340392,24.4694734,8.825551919,11.22312348,25.11881079,12.38311795,13.46508563,24.84859069,13.28830563,9.09851835,26.19273197,11.81106682
Qafzeh 9,early H. sapiens,12.75709803,23.86649885,15.95945422,16.56314348,22.26996589,16.49043707,10.21012508,20.32101021,14.96174115,15.25729692,17.98398736,15.75973396,15.2264755,22.21713099,9.189027982,14.80295798,22.88953893,13.77102532,15.07078865,23.93777932,15.75834569,12.06550196,22.99130736,6.734250886,11.98746375,23.15996724,7.701871825,13.71849909,22.09216389,9.355513742,11.58834388,22.72887201,11.3500562,9.582197068,22.59287932,9.155787554,11.14175932,23.32403346,12.39247954,9.147216273,22.49037675,13.20275387,13.42846957,23.36244611,12.92782449,18.08399012,20.18991235,7.368189135,18.25872803,20.41536077,8.597721035,15.96830123,20.84600302,9.506798082,17.59594253,19.92580472,11.84731668,19.24282663,18.28383576,9.73176283,18.49160025,20.49679297,12.84718674,19.31653945,18.57857478,13.83189191,16.39466191,21.99711206,12.89328911
Skhul 5,early H. sapiens,7.5506,9.2576,14.3476,7.1303,13.9714,14.5041,11.9139,9.1307,15.6495,11.463,14.9447,15.5937,10.86412616,12.33010646,7.761576424,NA,NA,NA,6.46806705,11.56896844,14.06757735,11.71568497,8.196902137,6.316739195,11.23063889,8.212013687,7.012089947,11.46793941,11.08745812,8.242082726,NA,NA,NA,12.19594162,6.658323026,8.276140512,NA,NA,NA,11.21266839,6.66304853,12.65972281,NA,NA,NA,11.12604338,15.76845748,6.4384682,10.8521275,15.76448638,7.325184319,11.34034003,13.18215056,8.269595677,NA,NA,NA,12.65924569,18.45144411,8.460109967,NA,NA,NA,9.895142563,17.33965053,12.83430429,NA,NA,NA
Dmanini2,H. erectus,11.5952,27.9326,10.3406,16.2031,27.4942,10.1649,11.1822,23.4332,10.6448,15.7467,23.0305,10.4252,NA,NA,NA,13.81949767,26.9062359,8.119528862,13.96933977,28.9015346,9.488296565,10.12085928,23.50973068,2.18554637,10.15561035,24.19360569,3.042300258,NA,NA,NA,NA,NA,NA,7.911265634,23.38288168,4.245376148,10.44283947,26.20111776,7.409906527,8.542720379,25.84406684,9.078100054,12.29739116,26.89109269,6.607456366,15.39722938,23.37403185,2.310495395,15.62642581,24.15763048,3.323926615,NA,NA,NA,NA,NA,NA,17.4950871,23.43400796,4.540351405,16.41273388,26.19234225,7.149172435,18.45000035,25.82950352,8.645401339,14.9643548,26.46782436,7.467587352
KNM ER 3883,H. erectus,NA,NA,NA,NA,NA,NA,NA,NA,NA,NA,NA,NA,11.96497436,23.30064957,6.294518397,NA,NA,NA,NA,NA,NA,8.185314712,23.53406702,4.424956028,8.315843451,23.76450577,5.659831091,10.74497372,22.45112306,7.000437599,8.15465799,23.36096161,9.134744184,6.445720348,22.43355567,7.235897135,NA,NA,NA,5.356485832,21.73370046,12.37269972,10.74431498,24.22361101,11.58626259,15.3734216,23.04558441,4.232793345,15.31923359,23.16750842,5.42833985,13.24923437,22.3183129,6.842024305,16.16853314,22.9359563,8.627806395,17.13324723,21.20572981,6.245800406,NA,NA,NA,19.16427578,21.00142251,11.49925331,14.01286405,24.05026782,11.37950232
KNM WT 15000,H. erectus,10.8912,22.4941,12.0552,16.325,22.3176,12.2747,10.7626,17.9446,12.4683,16.2779,18.0444,12.4124,NA,NA,NA,13.64478139,22.16948726,9.646144753,13.75500074,23.79691947,11.17069926,11.01354022,18.63839087,1.579400212,10.81816297,19.202133,2.466536979,12.09097982,19.24498675,5.318336232,10.26467925,20.10417969,7.373151729,9.071911374,18.42078021,4.823790848,10.52411919,20.89747433,8.721754392,8.331173251,19.98725642,9.451270046,11.84615885,21.8509133,8.872039974,17.26049664,18.55245365,2.238722151,17.28166912,19.11321677,3.148714206,15.44330216,19.19887001,5.672150076,17.16700954,19.85955803,7.500380078,19.15562444,18.26811507,4.972687247,16.6998933,20.7074106,8.598218178,18.69595754,19.74518621,10.22562129,15.51793499,21.61926429,8.837621899
KNM ER 1470,early Homo,12.8479,24.0688,13.2233,18.1932,24.1672,13.9409,NA,NA,NA,NA,NA,NA,16.6511583,20.18837976,5.282407493,15.75231933,22.50372347,10.73828259,15.56918454,24.75715862,13.06079673,12.89161971,19.23323978,3.785884456,12.7180449,19.4788008,4.642866522,15.43173657,19.49613265,6.740296019,12.96653345,20.44627691,7.99224199,11.69706904,19.55101291,5.770001715,13.61726976,21.51368735,9.503309386,NA,NA,NA,15.01263113,22.03484732,9.881356379,20.35773406,19.09320676,4.329311298,20.41446693,19.33444818,5.203056485,17.69812863,19.49141664,6.749772793,19.72002341,20.31960974,8.483799921,21.94524553,18.3888265,6.246922799,18.89768122,21.41464896,9.887648172,NA,NA,NA,17.48271362,21.98851892,10.06114322
KNM ER 1813,early Homo,15.6857,21.6611,10.917,19.9712,21.0599,11.3414,14.8334,17.0189,11.5539,19.4987,16.1206,11.9369,17.45873598,19.23825871,5.218860217,17.95490539,20.58748314,9.125063031,18.10835199,22.27668765,10.64040709,14.32258855,18.72662961,3.173342024,14.42882855,19.23053089,3.971422123,16.29012079,18.54761565,5.732178666,14.72578027,19.46562708,7.10756097,13.09464582,18.37293858,5.401320272,15.37529656,19.97079671,8.422390561,NA,NA,NA,16.67661829,20.53716467,8.489339851,20.09835853,18.215661,3.595409581,20.14783411,18.77855763,4.571790152,18.40951185,18.16368037,5.978516363,20.5497871,19.04271731,7.217351311,21.67685548,17.62973452,5.770830208,19.93120116,19.63997007,8.508275473,NA,NA,NA,19.09647385,20.21627878,8.602957168
Arago 21,H. heidelbergensis s.l.,9.6079,2.0419,1.046,9.2562,-1.3293,-2.8077,5.3333,1.0203,3.2337,5.0892,-3.0847,-0.9827,4.7347,4.5547,-4.9466,9.4349,1.9412,-2.348,10.6641,1.0736,-1.4534,3.7202,8.4149,-2.7702,4.626,7.5188,-2.3156,4.1272,4.5853,-3.2446,5.8715,5.5451,-0.4657,3.9345,7.4251,0.3121,7.087,4.4009,-0.209,6.3322,4.9829,2.7204,8.2021,3.2529,-1.4064,3.056,3.7902,-8.8103,4.1142,2.6505,-8.1661,4.2143,3.1437,-5.3761,5.556474576,0.443178614,-5.890544536,3.1516,0.1771,-8.2286,6.818041201,0.045039978,-4.840561651,5.852046927,-2.793308032,-5.547998601,8.069242946,1.101244318,-3.694243478
Bodo,H. heidelbergensis s.l.,-1.494,32.3174,13.1173,NA,NA,NA,-1.737579923,26.82862621,13.96105444,4.0988,27.181,14.346,1.755832565,28.63533903,5.389943267,1.278727906,31.94322718,10.44166107,1.141985608,33.33305601,12.83859436,-2.59989665,26.75064681,2.999794488,-2.617916329,27.61032307,3.999775572,0.011475584,27.77639699,6.261198053,-2.524893578,28.61275556,7.879150192,-4.529915339,26.18184134,5.670377926,-2.671835783,29.77992168,9.580352273,-5.688277902,28.38496451,10.7159448,-0.666908492,31.39530338,9.876860323,6.048796858,27.22021069,3.068224737,6.20868782,28.04767379,4.747016852,3.086685627,27.9962573,5.932692576,5.45581266,29.09459392,8.405527412,8.30933169,26.74903213,6.663728253,5.23797573,30.25747974,10.10205355,8.225060596,29.22498792,11.63361602,3.536739828,31.4037016,10.14391143
Broken Hill (Kabwe),H. heidelbergensis s.l.,10.92238766,26.09394587,14.4325207,16.40163737,25.97834047,14.35918254,10.82408954,21.11038234,14.36895997,16.77438052,21.12091355,14.292307,13.71414102,23.69270314,5.580018689,13.68608586,25.86187784,11.0195812,13.8615811,27.24993375,13.78093561,9.322157633,22.2709845,2.92442433,9.369168214,23.11428977,4.843182739,12.15651847,22.646288,6.972873585,9.903734584,23.10762653,8.704175265,7.457879632,21.36247396,6.503931507,10.17015615,23.71523391,10.41406853,8.455566185,22.23660597,11.70751595,12.14571694,25.09049567,10.23778902,17.47189144,22.39787153,2.605696593,17.58245246,23.02097442,4.79636372,15.12210667,22.73384364,6.667623558,17.37839716,23.048361,8.549226666,19.78170623,21.23757168,6.199616145,17.27248365,23.52940408,10.15687533,18.93194994,22.10277641,11.43405743,15.19850448,25.0830713,10.16353971
Dali,H. heidelbergensis s.l.,NA,NA,NA,NA,NA,NA,NA,NA,NA,NA,NA,NA,18.12884589,22.39971606,6.863918774,18.41417116,23.10705683,11.2958041,NA,NA,NA,14.04091648,21.6338912,3.70454544,14.24355671,21.97945376,5.503645359,16.55324814,21.24069814,7.552959135,14.95768238,21.5407304,8.850996055,12.4798348,20.49242366,6.797650749,14.84628184,21.51134711,10.26165383,12.82218639,20.49072787,11.10501361,16.39404789,23.02133741,10.85917945,21.93474109,21.63728088,3.87989858,21.70310173,22.09931137,6.027370643,19.50898999,21.27940173,7.157466012,21.26565209,21.62245672,9.045984506,23.55823764,20.56985252,7.518399491,21.29045007,21.59483803,10.46085237,23.28433925,20.62627596,11.42841386,19.67017517,23.06378306,10.96044928
Petralona,H. heidelbergensis s.l.,17.77422632,23.64925873,15.18406816,21.81785987,20.22967838,15.39403972,13.68898017,19.90792676,14.92408988,19.36543326,15.46641297,15.62411566,19.10680764,19.98122209,6.175774212,20.1452571,21.89042837,12.37776444,20.41751922,22.49562012,14.73742755,14.89652978,21.82707794,3.877127574,15.24723535,22.28720825,5.311797773,17.13522565,20.30755311,7.790272027,15.63976822,22.08291991,8.948723094,12.87710851,22.31971865,6.804713093,16.04473766,22.93852009,10.81122042,13.36600559,22.85348582,12.31247393,18.30234079,22.576377,11.12440483,21.25396565,16.22751546,3.662405316,21.72077285,16.68751215,5.739976857,19.54791438,18.32623509,7.909870808,21.86985907,16.82067078,9.230547356,22.19936711,14.49569179,7.297844307,21.94408838,17.99277236,11.27330979,22.49292198,15.29108762,12.7461544,21.14906555,20.32266215,11.47370682
Sima Craneo 5,H. heidelbergensis s.l.,NA,NA,NA,NA,NA,NA,11.50262638,20.41948639,15.49338878,17.5884,20.5861,15.5288,14.43041788,24.71263889,8.582316722,14.42231613,25.76131927,14.02568137,14.5255906,25.94560887,16.63981729,10.77786716,24.0925007,6.318176015,10.89349047,24.03353019,7.638131711,12.77245102,23.58913328,9.984351008,10.85801619,23.65241444,10.90368815,9.017500595,22.43339924,8.65576396,10.88880175,23.78453273,12.78979725,8.705196739,21.68582291,13.41844213,12.63702604,25.19952894,13.15318014,18.21775754,24.29618672,6.361466424,18.09019285,24.23055832,7.680007084,16.10712045,23.70939599,9.87387759,18.05831933,23.83705965,10.95470759,20.03895923,22.73513985,8.7198944,18.04859249,23.9805503,12.83145785,20.28491902,21.97566807,13.41906222,16.22146199,25.29766204,13.17403686
Amud 1,H. neanderthalensis,17.30841469,23.4687927,17.88693578,21.00209843,21.05207173,17.87359492,14.12288757,21.06830055,16.95547442,19.68630214,17.20922701,16.74157035,19.48324809,23.02563175,9.225092847,19.37243321,22.65971833,15.38645845,19.64980272,23.24557182,18.04160922,15.64273703,23.896146,6.827354604,15.60405407,23.96139298,8.290608577,17.40779458,22.59693111,9.469043347,14.68918235,23.58492847,12.06446347,12.99095926,23.33794209,9.474649057,NA,NA,NA,12.52236415,23.00269127,14.35402319,NA,NA,NA,22.04408711,20.26356288,6.503048171,22.20570081,20.21034911,7.95464886,19.90049233,21.14549812,9.376549099,21.67177853,19.5734742,11.72669926,22.97777081,17.86998318,9.090819387,NA,NA,NA,22.84408348,17.52118126,14.02281584,NA,NA,NA
Apidima 2,early H. neanderthalensis,NA,NA,NA,NA,NA,NA,NA,NA,NA,NA,NA,NA,-1.19960022,13.49721069,-4.294058609,-1.17287693,17.4264801,-8.589030457,-1.208959961,19.15186462,-10.30328674,-5.293789673,12.44221954,-2.327401733,-5.193052673,13.0981842,-2.897348022,-2.332540131,14.22714691,-4.055136871,-4.805165863,16.33445587,-4.762660217,-6.992556763,15.06268311,-2.352179337,-4.58752594,17.89576263,-6.393654633,-6.894986725,19.02515259,-4.715799713,-3.067821503,17.10909119,-7.743862152,3.094438362,12.30755463,-2.056317902,3.132180023,13.09973755,-2.721026611,0.008486176,14.68457031,-3.58274498,2.411075211,16.32791596,-4.737042999,4.472982788,14.97901154,-2.33957901,2.072401047,17.86148071,-6.495501709,4.641252136,18.95574646,-4.567526245,0.62290287,17.17808533,-7.707392883
Gibraltar 1,H. neanderthalensis,11.35686613,25.35630244,14.01113478,15.88055624,25.4195667,14.20961515,NA,NA,NA,NA,NA,NA,13.87209997,24.67125632,6.644301046,13.85175932,26.1343063,11.59122961,13.89680031,26.07658543,13.33554136,10.2757995,23.34303935,3.889476958,10.37404307,23.61464157,5.155098215,12.93914531,23.60640931,7.16765888,10.55335155,23.45210881,9.17658569,8.683224379,22.29328542,6.649726901,10.78321317,23.88675516,10.339284,8.753478733,22.31985283,10.83091476,12.22561934,25.29458069,10.3940016,17.6025044,23.51098447,3.916736349,17.63700658,23.88329863,5.35420405,15.09271647,23.69275559,7.137466026,17.30755737,23.5072204,9.191979625,19.29274737,22.45773656,6.788125457,17.19588386,23.86884061,10.55077265,18.91508742,22.30810143,11.1814297,15.62796013,25.29836945,10.99995603
Guattari 1,H. neanderthalensis,NA,NA,NA,NA,NA,NA,12.93350736,21.0540866,14.15487072,18.05430961,20.89136182,13.84639354,15.15465085,23.88196763,5.728602479,15.46668762,25.83242844,11.42205153,15.34781301,26.47799435,13.49096696,11.47646061,22.78478453,4.046525861,11.3845976,23.25453512,5.212940073,14.08684395,22.88898768,6.670768366,11.82716726,23.15495025,8.922364082,9.596362268,21.9906886,6.893681637,11.80946358,23.88856658,10.66577033,10.07659325,22.72713572,11.53941121,13.59581918,25.25012689,10.15771523,18.39515644,22.56492772,3.62974355,18.65576877,23.02347763,4.774924643,16.20000199,22.87240483,6.496309033,18.65583416,22.9379543,8.511005114,20.54909937,21.64264123,6.233888636,18.93789351,23.64861727,10.35400307,20.67702466,22.39028364,10.9008411,17.08392968,25.13428353,10.06219493
Krapina 3,early H. neanderthalensis,NA,NA,NA,NA,NA,NA,NA,NA,NA,NA,NA,NA,13.02212855,25.45196187,5.475125888,NA,NA,NA,NA,NA,NA,9.208885125,24.41703794,4.001477758,9.378695305,24.97819755,5.124979577,11.82392901,24.92584158,6.855249874,9.662791839,25.08433616,8.907443052,7.529914818,23.88086775,6.772783544,9.866528507,25.64010158,10.37064591,8.230047656,24.63785256,11.09960435,11.55919538,26.66951264,9.765055801,16.23395507,24.19587139,3.564496256,16.3008419,24.62532154,4.598303186,14.31316712,24.73389246,6.58105122,16.41749409,24.46122922,8.471452879,18.37141678,23.28077377,6.332404899,16.31388763,25.08454406,10.21378243,18.07433507,24.06913763,10.65312745,14.89399095,26.47685796,9.613809791
La Chapelle aux Saints,H. neanderthalensis,NA,NA,NA,NA,NA,NA,NA,NA,NA,NA,NA,NA,19.69900391,24.49275478,6.39422677,19.74051428,26.63227746,11.80719494,19.76634807,26.98413443,13.78609889,15.82312206,23.50135705,4.149310604,15.76765627,23.92736443,5.496975406,18.57202762,23.68057256,7.164517983,16.30588574,23.72723565,9.248998514,13.96924226,22.13041247,7.183394229,16.45712644,24.27030886,10.4569248,14.90916261,22.68532323,11.78450935,18.08761712,25.65598058,10.73746606,23.22346116,23.7402926,4.04734747,23.24983283,24.18245921,5.384226586,21.07652686,23.6315621,7.094667482,23.27280761,23.72722781,9.269602313,25.42195662,22.43714728,6.980408151,23.1180339,24.2160141,10.62618916,25.19607961,22.2939244,11.33407756,21.34338396,25.78402076,11.41278252
La Ferrassie 1,H. neanderthalensis,19.2435,28.641,14.7503,23.2663,27.4675,15.4457,17.1687,24.6747,15.4278,23.3456,23.3408,15.6895,20.20096643,26.03633429,6.370583389,20.91747051,28.18043455,12.55891083,21.14795318,28.81274015,13.95127304,16.64687036,25.06011411,4.240551729,16.00678548,25.3873839,5.774549257,18.93679032,25.19846057,7.304683393,17.08074791,25.18911589,9.673858703,14.20590297,24.13560175,7.967805211,16.79888923,26.04577132,10.76268126,15.02908781,24.46788254,12.64108051,18.9400886,27.42638057,11.09424105,23.88371153,24.42716324,3.987735046,23.89914249,24.81825816,5.478380832,21.87025201,24.94189323,7.202203867,23.8561145,24.59652666,9.437163484,25.75835656,22.93199815,7.143862436,24.35695602,25.38472532,10.49864267,25.95214064,23.51252708,12.25948723,22.31050517,27.37223837,11.31908763
Saccopastore 1,early H. neanderthalensis,11.92555049,22.73094593,14.64965346,NA,NA,NA,11.30982264,18.50069033,13.81429931,17.03108195,18.51853628,14.13012128,13.9360948,22.02219591,6.045262573,14.47335162,23.88239107,11.84186093,14.15690074,24.02042472,13.42674634,NA,NA,NA,NA,NA,NA,12.70124912,21.29787361,6.870535472,10.65799282,21.47065318,8.642873418,8.448322371,20.24750723,6.287789171,10.68202617,21.70975883,10.01504423,NA,NA,NA,12.64802467,23.20204608,10.58339358,NA,NA,NA,NA,NA,NA,15.49477346,21.30833942,6.928206672,17.10127528,21.39462554,8.649683151,19.77587465,20.28994539,6.521641986,17.15040362,21.50544425,10.31593842,NA,NA,NA,15.80467991,23.33593412,10.45374204
Shanidar 1,H. neanderthalensis,11.62335895,21.85542798,17.65559356,15.88286439,21.76071673,17.73487091,10.87385788,17.80870915,16.95795255,16.73633248,17.6303436,17.27989986,13.96784105,22.15996673,8.602508469,13.97835745,23.13084174,14.72159389,13.97226438,22.89276656,16.89743816,9.978173269,21.27888082,6.483953308,10.05831982,21.41271357,8.112337635,12.6388289,21.11026543,9.582851335,10.53917269,20.78322453,11.52969135,8.263520097,19.9102013,9.13585141,10.63482692,20.90219447,13.40097829,8.677577016,19.2580173,13.81162293,12.3492879,22.59638345,13.07301726,16.97736723,21.32275783,6.672285472,17.15208477,21.46678765,7.990097716,15.28604923,21.11070592,9.605673085,17.49159844,20.48826194,11.92030973,19.19570229,19.98237739,9.377703739,17.22552429,20.74256969,13.61376567,19.10567742,19.24468041,14.45138773,15.51498393,22.60307941,13.0353406
Shanidar 5,H. neanderthalensis,NA,NA,NA,18.5146,3.7848,9.2527,14.25795499,4.824248988,6.159039727,19.0867,4.8533,5.9924,16.9003,12.2916,11.1465,16.6511,6.1866,11.2895,16.5863,3.4456,11.1047,13.0572,14.6722,11.4528,13.1097,13.6038,11.3388,15.4915,12.1981,9.7615,13.3499,10.0065,10.1649,11.1353,12.9205,9.8065,13.3628,8.1974,10.6726,10.6845,8.154,8.8322,14.9681,7.7637,11.3823,20.1543,14.7261,11.3462,20.489,13.5336,11.0323,17.9368,12.316,10.4217,20.2373,9.9875,9.5027,22.2746,12.9391,9.3288,20.6131,7.9054,9.3436,22.79565441,8.226863921,8.414244721,18.70303705,7.786170373,11.25340753
Tabun C1,early H. neanderthalensis,13.26971142,22.55562985,12.14193522,17.79235763,20.82079512,11.84713589,10.77114008,19.43047325,11.74036949,17.21003878,16.46150602,12.16432083,NA,NA,NA,15.8875502,22.04723705,9.816713945,16.09879047,22.97746108,11.77255712,11.8304884,20.63371294,3.040328509,12.20534648,21.04760228,4.072730896,13.69996834,19.96156286,6.109474516,NA,NA,NA,10.27016382,21.02209074,5.552811493,NA,NA,NA,NA,NA,NA,13.80602964,21.79151001,8.866250466,18.25027645,17.69593933,2.997674859,18.46278702,18.08161017,4.107269918,16.33723434,18.74552318,6.283117945,NA,NA,NA,19.72732209,16.49197228,5.623320913,NA,NA,NA,NA,NA,NA,17.35740693,20.15397489,9.100081007
Abri Pataud,Upper Paleolithic H. sapiens,15.2872,27.6249,13.8893,20.0785,28.1978,14.0673,15.6215,23.8538,13.5557,20.3037,23.8316,13.926,18.38131162,27.15710605,7.666137055,17.96997697,28.72861149,12.29993829,17.80204139,29.1609348,13.56826791,14.84652854,26.48738774,6.250268738,14.9361509,26.4222286,6.674730465,17.19191137,26.61810852,8.290554384,15.18730915,27.14495135,9.717596052,13.31950872,25.51887359,7.857186206,15.47575825,26.99150232,10.55703042,13.05779886,26.20011456,11.71951458,16.79082273,28.13483071,11.23499289,21.54380472,26.8092227,6.583552436,21.44818155,26.74483662,7.00149045,19.42071995,26.73991587,8.154022492,20.95355939,27.12909786,10.10087406,23.14766636,25.78105339,8.442839735,20.69956074,27.19540112,10.9548124,23.042535,26.25093713,12.46264316,19.27563864,28.18033328,11.45516738
Chancelade,Upper Paleolithic H. sapiens,19.5583,3.791,14.3367,15.418,3.5517,14.4162,NA,NA,NA,NA,NA,NA,17.33395385,4.385597958,7.029994981,17.41956323,2.556318225,12.43695859,17.44023024,2.464747313,14.43140326,20.84149372,5.398412619,6.275917846,20.8685989,5.242547824,6.749360826,18.68599006,5.731249896,7.88228095,20.82174548,4.57838047,10.03842164,22.48227909,5.902925198,8.141802976,20.08276915,4.501131697,11.20067345,21.66867505,5.065184573,12.65764311,18.78097605,3.860650481,11.51472561,14.04719843,4.926236427,6.46818157,14.06558739,4.88620645,6.918156011,16.20252225,5.283499863,8.501086732,13.6892352,4.176254854,9.995339051,12.56531735,5.205904318,7.659248831,14.76437923,4.19733165,11.14053189,12.41113523,4.686868442,12.42646092,16.10357139,3.604643257,11.66271647
Cro Magnon 1,Upper Paleolithic H. sapiens,11.7952,28.6436,14.5115,NA,NA,NA,NA,NA,NA,NA,NA,NA,14.14103714,27.89461695,7.559150396,14.05745773,28.64297651,12.68147035,14.04524538,29.70492506,13.9674628,10.51052402,27.21717494,6.790882929,10.6115751,27.18911572,7.340480263,13.18174557,27.25935788,8.501832544,10.23491302,27.24010609,10.11621227,8.839244938,26.0834076,8.4991647,10.98891763,27.31732275,11.11130791,9.027209496,26.67974791,12.81211283,12.87545931,28.33502404,11.6067081,17.85160868,27.29905722,6.913964336,17.81692677,27.35482685,7.455355731,15.34907256,27.22807671,8.502072646,17.6340333,27.384974,10.3142156,19.6429329,26.18443981,8.812329701,16.93881961,27.37679339,11.2585394,18.71687436,26.86946256,13.07141203,15.28239612,28.3159047,12.0046607
Cro-Magnon 2,Upper Paleolithic H. sapiens,11.2492,28.9211,14.4909,15.995,29.2293,14.466,NA,NA,NA,NA,NA,NA,13.3907353,29.12557607,7.306204023,13.50353353,29.62270431,12.91277177,13.44120535,30.01899325,14.18052967,10.0238184,28.03315777,7.023818811,10.04025557,28.04270707,7.380501991,12.24553786,28.24568348,8.328127128,9.564407652,28.17904754,10.77833301,8.463998253,26.7805868,8.909895022,10.71863258,28.20241393,11.5703881,8.855161647,27.0549023,13.16085229,12.06110404,29.24462325,12.34861014,16.64032669,28.49390019,6.627222506,16.61321348,28.43603106,6.957153662,14.75155522,28.21864394,8.27154144,17.32442884,28.82814566,10.36360995,18.34334163,27.76398183,7.786235689,16.30544028,28.38626232,11.70859046,18.4289781,27.92449714,12.27136373,14.75867878,29.44022052,12.33762925
Dolni Vestonice 13,Upper Paleolithic H. sapiens,14.2798,26.6914,15.1819,18.6673,26.4932,15.4267,13.734,22.3535,14.9023,18.7548,22.1751,15.2981,17.10460472,25.14699673,8.779586001,16.68504622,27.30365958,13.57123984,16.42010106,27.6462948,15.03077172,13.60201066,24.39054431,7.885364198,13.60852095,24.59263666,8.33416307,16.10365809,24.55377346,9.683859635,13.79596313,25.63720596,10.99540076,11.78142183,23.77604698,9.225226476,13.42069008,25.58265119,12.57492061,11.47600016,24.96098296,13.38835611,15.21134063,26.5388798,12.57648458,20.62644575,23.94762827,8.464159996,20.63860484,24.10987612,8.881130945,18.13322306,24.40358367,9.860720632,19.90868306,25.09854058,11.72859653,21.99427156,22.99355605,10.32155023,19.71971413,24.9781393,13.0093129,21.11128396,24.11824989,14.45242942,18.2231525,26.50223098,12.76350365
Dolni Vestonice 15,Upper Paleolithic H. sapiens,14.696,24.3214,14.4159,18.7118,24.76,14.5938,14.7392,20.2622,14.4114,19.1643,20.8886,14.3952,17.04987183,24.50516059,8.248051069,NA,NA,NA,16.82843677,25.21185204,13.18478147,13.24156115,23.87972398,7.603478551,13.2873115,23.9978469,7.945794987,15.58829092,23.50308768,9.431598102,14.1168008,23.59821071,11.00440641,11.99223524,22.67629781,9.073590922,13.87894696,22.90026817,12.46891665,12.00112632,22.60815161,13.14600508,15.66923121,24.38890881,12.1775963,20.6883923,23.95764186,7.774795135,20.6751265,24.00676837,8.207344214,18.14024933,23.51580992,9.266949211,19.32089988,23.55124997,11.16033555,22.01951682,22.69258105,9.435761564,19.45802884,22.84992365,12.63608132,21.28637354,22.5243634,13.42421666,17.86317617,24.50874617,11.91509643
Dolni Vestonice 16,Upper Paleolithic H. sapiens,14.9693,24.9965,15.9445,19.5105,25.2801,15.8419,14.347,21.0126,16.0843,19.6455,21.0667,15.9731,17.02617666,25.31199649,8.57622715,17.48437607,26.24497753,14.26142551,17.50454896,26.29346874,15.67251212,12.99759064,24.36559819,7.72635104,13.09467463,24.41489446,8.290271031,15.82770439,24.22534398,9.683394637,14.08570206,24.7414028,11.11055522,11.71183708,23.53389473,9.042797308,13.85840285,24.20428436,12.71383205,12.11321375,23.65102766,13.55538726,15.8938415,25.5437151,13.15629955,20.71649668,24.3811811,7.635698651,20.59627137,24.31180915,8.490072232,18.00247078,24.45808507,9.603162136,20.57608406,24.13525712,11.95992339,21.97414485,22.94745643,9.730162287,20.05419835,24.06102421,13.36716191,22.24997801,22.60421191,14.03110843,18.83647058,25.7147006,12.8191986
Dolni Vestonice 3,Upper Paleolithic H. sapiens,7.2321,25.3557,14.0387,10.8562,25.0089,14.0293,6.4151,21.4559,13.8293,10.8762,20.736,13.677,9.433944561,24.48330328,7.789860618,9.14835628,25.94171707,12.67542005,8.969145742,26.24488992,13.852392,5.98806441,24.27465745,6.891740603,6.102272568,24.28837459,7.273395154,8.269823315,23.92490399,8.457272556,6.729382757,24.75884541,10.14103709,4.870587144,23.78167194,7.793668929,6.237367876,24.55089373,11.42857985,4.155576909,23.61691414,11.86082731,7.94254371,25.6489587,11.89849708,12.62365205,23.34268766,7.342098598,12.6154359,23.33806437,7.743968428,10.22475868,23.75571429,8.783167954,11.94631894,24.41274442,10.39219622,13.8760236,23.18423497,8.227217956,11.80337416,24.0592103,11.78813599,14.17077789,22.95248757,12.34298946,10.6985773,25.46611844,12.03118089
Grimaldi,Upper Paleolithic H. sapiens,16.7317,2.571,5.9093,16.0696,-1.9759,4.87,11.8563,3.5055,6.8399,11.0757,-1.2781,5.0007,14.54940787,2.303236008,0.084021016,16.53679614,0.589316186,3.910998995,17.46886497,0.309909443,4.849165288,13.8680009,5.857687712,0.445155722,13.8762305,5.643948925,0.810105984,13.82009051,2.989704891,1.365301635,14.76223414,3.909516713,3.061603319,13.21686923,6.70404459,2.104973097,14.91090371,3.609035961,4.375922161,14.65450978,5.063374574,5.886860192,15.8713532,2.082111096,3.877608322,13.43462036,-0.632871791,-1.620220289,13.52224319,-0.847118302,-1.12673288,13.68863358,0.798966874,0.763615813,14.10516786,-0.957054034,1.759964976,12.80478932,-2.417470233,-0.438057221,14.06051302,-1.763692137,3.083104457,13.76595932,-3.416077614,3.038488941,15.48872997,-0.315109979,3.103003979
Hofmeyr,Upper Paleolithic H. sapiens,NA,NA,NA,NA,NA,NA,13.0841,22.5495,14.6774,17.27982734,23.57783289,14.79759715,14.68300027,25.99059865,7.862458515,14.00395123,27.62214759,13.00189281,14.11176664,28.49154881,15.00539419,11.55383379,24.91633285,6.340313573,11.62319181,24.80365186,7.155978945,13.54172638,24.96539118,8.833066745,11.10952393,25.04221709,10.13833865,9.83966183,23.00704629,7.734854062,11.2556277,24.84172357,11.23850311,8.946720941,23.40371905,12.12117093,12.9427824,26.87982327,12.12948892,17.99110309,26.49404637,6.524725322,17.93771934,26.35128254,7.336874447,16.03782785,25.49574857,8.953315417,18.1211277,26.76069453,10.33920365,20.01160253,25.28946603,8.243672351,18.02501657,26.50083644,11.43242926,20.68563858,26.28081618,12.45746171,15.54171434,27.51679679,12.20394186
Kanalda,Upper Paleolithic H. sapiens,10.6553,27.3686,14.974,15.1731,27.7481,15.4986,10.3901,22.6678,15.2244,16.3786,23.4359,15.575,13.09902269,26.11283708,8.245805946,12.96669914,27.49597582,13.20189044,12.74468079,28.34588694,14.65367731,9.087529228,25.00939083,6.868469019,9.242725247,25.13313219,7.608681158,12.21092883,24.87297231,9.050872284,10.08704067,25.18587372,10.39496507,7.972353455,23.69995843,8.643473056,10.21060302,25.11733279,11.85086011,8.323384863,24.20950784,12.89555564,11.65866504,26.40942305,12.05326408,16.61600965,26.06227241,6.593728727,16.58457083,26.04008199,7.819986235,14.2932331,25.28032082,9.30347057,16.24908535,25.90590049,10.62582837,18.59345417,24.79241047,8.798855557,16.11645233,25.90947357,12.06130987,18.40767463,25.49876868,13.06201166,14.6165921,26.91598527,12.45115222
Mladec 1,Upper Paleolithic H. sapiens,12.41460459,25.43531223,13.74590856,16.62272242,25.53046607,13.92484634,12.04067598,21.02499548,14.44118708,17.11589535,20.97588583,14.70005966,14.62745669,23.64070412,7.121140478,14.54062815,25.88818561,11.65415714,14.62986364,26.40726574,13.06687429,11.47873918,23.10738779,5.892767659,11.60283789,23.19010769,6.684213467,13.61285055,22.98547093,8.190031142,11.70236376,23.73355562,9.793414216,9.839873047,22.3633311,7.632669338,11.59779463,23.94257927,10.73752504,9.466122934,23.29859057,11.67270182,13.30482288,25.05695121,11.0079597,18.20371937,23.28160451,5.932665513,18.2011278,23.3828826,6.830612095,15.93655424,23.06847799,8.14973407,17.71142596,23.60100785,9.896165548,20.01730123,22.58227534,8.086145585,17.68797461,23.63178541,10.74942323,19.75217264,23.34892425,12.03544754,15.92034973,25.07381711,11.06631889
Mladec 2,Upper Paleolithic H. sapiens,11.83304628,24.71938452,11.7835415,16.13136638,24.66459088,11.89995757,11.85136614,20.83925759,13.30235119,16.31439079,20.70087558,12.99589868,13.61018271,22.17018182,6.052657773,NA,NA,NA,14.11699224,25.27203527,10.83620307,9.791898736,21.48142317,5.134129963,9.945967293,21.60689086,5.508017778,12.36279243,21.59779991,7.222331095,10.15546153,22.89851851,8.800698996,NA,NA,NA,10.84714086,22.86878679,9.910699072,9.088141661,22.73991076,11.02132675,12.4584455,23.80367405,9.349174228,17.05123045,21.78010147,4.796042358,17.1696423,21.84424283,5.201879675,14.99140095,21.69109318,7.151280019,17.68820095,23.00678338,8.528266728,NA,NA,NA,17.07963505,22.95836379,9.685292027,18.91722636,22.88118004,10.66584388,15.40581583,23.84603536,9.242578374
Muierii 1,Upper Paleolithic H. sapiens,-5.241,8.8678,-2.564,-4.6088,5.0924,-4.7259,-1.6557,9.9797,-3.064,-0.8837,5.8364,-5.3758,-3.49717708,4.706526768,1.960846968,-4.831733445,6.160071627,-1.957206326,-5.870202612,6.61583982,-3.09744222,-2.447568343,8.207482432,3.940568038,-2.594360066,8.277644011,3.553757021,-3.054128004,6.520092306,1.192562552,-2.979200773,8.713757316,0.438538392,-2.034742035,9.956465573,3.129801764,-3.652537438,8.83064724,-0.264553486,-3.639245887,11.18780842,-0.457587338,-4.406943196,7.200468049,-0.883320671,-2.316232838,1.03847648,0.933542934,-2.438446224,1.32961222,0.476709169,-2.771721362,3.954442778,0.365642883,-2.878747867,3.065986941,-2.060368832,-1.783889983,0.447423374,-1.195495505,-2.691284413,3.700031988,-3.088608785,-3.476655729,2.046491195,-4.502246049,-4.131675313,4.905333301,-2.157264101
Oase 2,Upper Paleolithic H. sapiens,-4.8765,10.0351,-3.4965,-5.6405,5.5669,-5.416,-0.0809,10.0744,-4.2335,-1.0417,4.7158,-6.4171,-2.637521416,5.018198619,1.355275188,-4.943483129,6.883912584,-2.583413724,-6.079539894,7.748644267,-4.029758247,-0.952901047,7.75574837,3.491362748,-1.078347323,7.861390763,3.060992795,-2.015255701,6.443690861,0.650612389,-2.662224342,8.684250064,0.309652369,-0.108387312,10.17835532,2.181391978,-2.900785519,9.224913426,-1.074737975,-1.832383192,11.7859988,-1.472683151,-4.225994532,7.750791664,-1.32798466,-1.912644659,1.386154502,1.18573275,-2.06329425,1.578813812,0.779344228,-2.474514742,4.214351027,-0.165404796,-3.519518736,2.890709193,-1.77536094,-1.447711557,0.171933337,-1.457230559,-3.741671328,3.659945764,-3.114615757,-3.481054858,2.1531718,-5.01524236,-4.57975435,5.305875568,-2.311188207
Ohalo II,Upper Paleolithic H. sapiens,-2.7289,11.099,-2.937,-4.0332,7.2431,-5.0151,1.2093,10.6872,-4.0268,-0.152133094,6.204994834,-6.171879119,-1.8705,5.6729,1.4037,-3.4476,8.4179,-2.4903,-4.2243,9.1626,-3.44,-0.4948,8.3689,4.2767,-0.4793,8.7943,3.0492,-0.6692,7.1776,0.876,-1.1546,9.5095,0.3576,0.8485,10.6415,2.5315,-1.2076,10.152,-0.9251,-0.3269,12.0357,-1.0619,-2.5332,9.1634,-1.4622,-2.47,1.9574,1.607,-2.2841,2.7072,0.344,-1.5861,4.9491,0.0507,-3.0066,4.6549,-2.0662,-2.1472,1.4138,-1.5017,-2.8751,5.3939,-3.1173,-3.0695,3.9633,-4.8604,-3.3375,6.9487,-2.5713
Predmost 4,Upper Paleolithic H. sapiens,11.27245285,21.79604963,15.1849665,15.29279529,21.64991909,15.39818764,10.63224535,17.99402974,15.0678308,15.21114816,17.751881,14.95634687,13.37038709,21.32855004,9.26949353,13.42011565,22.28067282,13.90637682,13.20063797,22.84841178,15.44100411,10.43282523,21.34918905,7.68673074,10.48732967,21.06809563,8.679505581,12.14879934,20.53074139,10.06162055,9.85682454,20.96028486,11.80400802,8.39048267,19.87621038,9.476812707,9.946970267,20.64257777,12.93342952,8.735131889,20.2596287,13.49074186,11.96852712,22.13324182,13.13283633,16.63003538,21.12987337,7.921790479,16.62711568,21.00956571,8.911769693,14.40721377,20.45065013,10.32703915,16.51046138,20.96873605,11.82066773,18.34010773,19.72731584,10.02737514,16.01625428,21.10178918,12.77383537,17.7009257,20.67921364,13.38698866,14.66015465,21.89084658,12.94864462
Upper Cave 101,Upper Paleolithic H. sapiens,8.6853,25.5394,15.0484,13.2321,26.3088,15.1728,8.8572,21.7184,14.6701,13.9554,22.4772,14.7519,10.88836243,25.24048582,7.47427978,10.83111693,26.49642102,12.9532107,10.70830428,26.90221179,15.03160975,7.173391588,24.18725687,5.783698433,7.37231335,24.19063433,7.122977398,10.01059417,24.33563174,8.637183745,8.256077317,24.3509311,10.35415689,5.795265639,22.93343376,7.969336986,8.056940919,24.17812719,11.64005552,6.224607314,23.32165424,12.96786088,9.454464101,25.33236046,11.94027165,14.59890428,25.1268991,5.639214718,14.65957057,25.19347062,7.106044434,12.13575182,24.6014197,8.761246228,13.77623471,25.26712175,10.31861995,16.52010799,24.1616573,8.178428975,14.0013735,25.22067211,11.59962278,16.27716613,24.43307057,12.88538261,12.55066009,25.80573793,12.12383696
Upper Cave 103,Upper Paleolithic H. sapiens,9.4574,24.0285,15.1791,NA,NA,NA,9.8357,19.9306,14.8681,14.7198,20.5903,14.9868,11.9590467,23.59332174,8.651431352,11.6797356,25.04130562,13.63136978,11.61741858,25.29865612,15.03246131,8.452792459,22.96502339,7.266144517,8.514134518,22.77693676,8.043505515,10.97069984,22.93540235,9.54997647,8.795780446,22.99663791,11.26282038,6.961696163,21.61105236,8.862393546,9.17208923,22.69328157,12.28798113,7.365593613,21.9218137,13.39768334,10.5546742,24.03275612,12.76895191,15.37741216,23.8666225,7.172483724,15.36015124,23.73557776,8.037179737,13.13030579,22.97295953,9.269072807,15.17031435,23.6298768,11.14994381,17.33528972,22.86917026,9.06583324,14.99170076,23.4417289,12.13100071,16.88830257,23.06464962,13.52756725,13.07755889,24.32276517,12.788127
Wadi Kubbaniya,Upper Paleolithic H. sapiens,15.0507,12.0003,11.5037,19.7552,12.0416,11.7034,14.9534,11.1582,6.7124,20.4204,11.0808,7.0914,17.1090244,17.7909908,9.140186871,17.32943568,14.03964775,11.1577094,17.321148,12.8286877,12.35686195,13.69718582,18.8998908,8.105055094,13.78029111,18.21350565,8.365607634,16.13039609,16.32582478,8.778776994,13.75644991,15.34614539,9.242686971,11.866578,16.92119827,7.424360035,14.34746291,14.22207511,9.457160585,11.94859094,12.81692596,8.625894928,15.99670293,14.69908005,10.57083208,20.61240649,19.46718337,8.099680412,20.56742308,18.81316001,8.387383256,18.43598423,16.44352117,8.837467281,20.88168152,15.68778878,9.449081952,22.64979525,17.14154943,7.572578703,20.48425178,14.46749111,9.712621437,22.5258025,13.26321124,9.159559251,18.64341662,14.83419032,10.63820595
Australian19,H. sapiens,11.55869913,24.90607957,13.34865324,15.40489802,24.77769626,13.383572,11.22802183,20.49266685,13.43409007,15.68056685,20.70805138,13.52777021,13.49763254,23.238894,6.997301987,13.60231375,25.00965691,11.44875823,13.53795051,26.04176486,12.85520309,10.37658987,22.61064378,5.540309243,10.44988232,22.7510606,6.188469635,12.53972926,22.53529852,8.086319222,10.93557275,23.22938609,9.467340702,8.935342472,21.58260728,7.053932656,10.94519974,23.12291998,10.79081413,9.44746935,22.36656395,11.41208669,12.15166081,24.05015193,10.73937425,16.36310313,22.74039393,5.701725924,16.40158703,22.81230086,6.404136661,14.44737767,22.52252819,8.293012464,16.07503536,23.035545,9.636852181,18.05844058,21.69184099,7.362539539,15.96550917,22.91425823,10.86620787,17.40857348,22.36308404,11.56068313,14.90425886,23.97106203,10.76895885
Australian21,H. sapiens,11.48996489,24.6177866,14.66079242,15.52863505,24.43831071,14.7540822,11.08926268,20.46860181,14.20240326,15.73004303,20.36403848,14.03653988,13.78212075,24.27255725,7.917792054,13.63986819,24.67917614,12.11806818,13.68729314,25.73605329,14.43152587,10.62604699,24.05146683,6.352173152,10.68092819,24.01095755,7.099854335,12.74086043,23.49321412,8.648029779,11.08201077,23.96251957,10.30279721,8.911224929,23.07960711,7.833773882,11.11617585,23.54309631,11.5240902,9.167694587,23.10530937,12.17570753,12.30968788,24.31346122,11.55447192,16.83850939,24.01879131,6.505219781,16.84926586,24.05988758,7.160841192,14.55776818,23.61205174,8.672524931,16.28849897,23.87739429,10.47413366,18.36494465,22.81607306,8.094339487,16.03506588,23.46083606,11.53236586,17.87517857,22.74491807,12.35531595,14.80688905,24.29791555,11.74691094
Chinese01,H. sapiens,9.8878,29.0642,16.8668,14.0282,28.9621,16.9355,9.2275,25.741,16.5303,14.5003,25.7751,16.4289,11.87999376,28.5190564,9.461479639,12.00041734,29.39753214,15.02319658,12.00331768,30.10913107,16.60278895,8.847980434,28.33205983,8.363206088,8.85726722,28.28606209,8.950975756,11.06354813,27.96302123,10.32347683,9.346945572,28.30427548,12.35013747,7.536730931,27.50854466,10.1139659,9.304408485,28.10033568,13.46342492,7.209514452,27.52028747,14.69234664,10.75012995,28.84529062,14.07406757,14.79783371,28.3583456,8.212914057,14.74984211,28.27108034,8.854738861,12.85257594,27.77665592,10.54533545,14.50132385,28.33545679,12.26788727,16.23866374,27.53077687,9.980443488,14.4632963,28.22243656,13.40103211,16.45153338,27.28342624,14.58208676,13.34642984,28.92415865,14.37323369
Chinese12,H. sapiens,9.396,29.0356,16.1885,13.4574,29.0831,16.3989,8.8225,25.2585,15.5352,14.2224,25.2513,15.9079,11.67180354,29.27427817,8.966892641,11.41790558,29.82763205,14.52028642,11.35867035,29.8406307,16.14254169,8.335812029,28.48016149,7.653131694,8.41275077,28.62960488,8.081658802,10.55301199,28.68423771,9.658596585,9.18152145,28.73146218,11.43496297,6.763271495,27.54127625,9.315201257,8.580570304,28.31959002,12.82347638,6.446889707,27.22255184,14.17394926,10.42273405,29.26176452,13.70752551,14.86009514,28.57556036,7.862492275,14.90446845,28.69709432,8.298195482,12.70730316,28.70965147,9.899000882,14.31531864,28.63902825,11.719985,16.46443942,27.74255194,9.510523587,14.22976877,28.52390841,13.02753156,16.56399125,27.29759961,14.5253552,12.62991251,29.28930696,13.73950318
East African07,H. sapiens,10.8161,19.4308,13.9813,14.6712,19.493,14.1351,10.4361,15.4685,14.001,15.237,15.4052,14.1356,13.26754961,19.14990883,7.692782074,12.88130587,19.63743774,12.21789813,12.98125943,20.52872602,13.47725595,10.16594005,18.49761918,6.820916495,10.13515068,18.55430541,7.2390472,12.03820047,18.38113099,8.762232298,10.1498909,18.59915446,10.45945135,8.405498748,17.75965323,8.062368007,10.32398416,18.2270863,11.3706051,8.296822234,17.79061606,11.96779005,11.64247627,19.20478141,11.40651896,16.23172696,18.46823032,7.086335633,16.27915902,18.53372972,7.450920312,14.25290153,18.38966385,8.899866255,16.14749232,18.54394558,10.7092928,17.96360422,17.59468649,8.47870103,15.62614496,18.27738674,11.62030119,17.63717449,17.71785339,12.36352965,14.20567266,19.15867482,11.50803473
East African09,H. sapiens,10.8655,20.8464,14.9913,15.0277,20.7393,15.0476,10.3253,16.4629,14.6529,15.6905,16.5003,14.586,13.16057901,20.53981937,7.968767722,13.11059381,21.41106037,13.0296189,13.00521206,22.00464522,14.85232048,9.680571478,19.71687258,6.891480531,9.807412716,19.68184325,7.319522347,11.83634809,19.72079744,9.231192971,9.906777156,19.73948497,10.93317339,8.098356647,18.58128224,8.654376389,10.16199855,19.71463595,11.82911501,8.060176252,18.56350897,12.78029046,11.77108941,20.88217906,12.44217986,16.48755364,19.54970311,6.809432802,16.49121298,19.5241847,7.264336001,14.45836508,19.6085963,8.913038816,16.31553662,19.65812016,10.8930834,18.03504056,18.5181651,8.496028729,15.8868097,19.66234621,11.79592613,18.15297005,18.52265098,12.72926553,14.49755897,20.80804491,12.40710098
Eskimo (Inusguk)08,H. sapiens,6.63764,23.41604,15.64918,10.37233,23.27534,15.90514,5.82878,19.34764,14.81812,11.24841,19.29055,14.9658,8.75881198,23.29835967,8.548639473,8.574738508,23.86921022,14.23266878,8.589769315,24.05793555,15.66150178,5.57422676,22.4721715,7.238883805,5.666793336,22.44276113,7.804143087,7.789313802,22.49776747,9.437098699,6.149597485,22.75418305,11.23717055,4.234057634,21.8491215,8.349179669,6.055845075,22.51121921,12.57336069,3.472695526,21.77858071,13.07448237,7.479241261,23.4318888,13.45029515,11.85418694,22.57115278,7.449059221,11.87971953,22.5383903,8.015921548,9.564694886,22.52230994,9.597751045,11.25750544,22.79608855,11.40919203,13.28754079,21.9682992,8.873262063,10.98662148,22.65684994,12.63703226,13.49105011,22.0138124,13.21187845,9.680100533,23.49264891,12.997743
Eskimo (Inusguk)13,H. sapiens,7.56919,25.8331,16.35808,11.74364,26.26945,16.48283,7.24932,21.72299,15.81067,12.88725,22.43815,15.84391,9.760620156,25.45564987,8.760107287,9.639331323,26.8755994,14.26790457,9.530848824,26.93446916,16.18299289,6.02319634,24.78010204,7.208970614,6.277732602,24.62895639,8.057972818,8.695168563,24.71502884,9.732512368,7.399403216,24.83743509,11.12122701,4.753841192,23.55755623,8.994178127,7.026183986,24.49362583,12.46894791,4.863884647,23.7393449,13.72126305,8.558872783,25.77051214,13.18686122,13.00413485,25.51851494,7.038754985,13.12518524,25.42637616,7.878959098,10.85925146,24.86925447,9.683101853,12.2428712,25.26653768,11.16206813,14.74350302,24.61017043,8.966825705,12.43528704,25.22359387,12.46502086,14.888742,24.80048363,13.68770181,11.00420245,26.02612257,13.26441759
Europe02,H. sapiens,10.3623,22.416,15.9153,13.74,22.4375,15.9306,9.1892,19.1938,15.698,14.6341,18.9913,15.7826,11.88120712,22.54890664,8.625016295,11.96270431,23.57159911,13.79845509,11.90942648,23.285939,15.63314174,8.30213636,22.16311706,7.782499119,8.532615534,22.26148617,8.383881459,10.75472935,21.75685742,9.775702621,9.347974685,22.20532467,11.84466262,6.899046611,21.25683521,9.677716759,9.321266049,21.7111626,12.9041067,7.118274202,21.0292104,13.71335397,10.70162934,22.85730174,13.06150366,15.39003949,21.98517564,7.51949253,15.33428185,22.00531092,8.266971009,13.09724313,21.6716123,9.825148512,14.49214905,22.02033596,11.78201622,16.88502315,20.96539887,9.739296588,14.35554841,21.466421,13.07934849,16.36183799,21.07197868,13.97478293,13.09830919,22.63968139,13.01023065
Europe14,H. sapiens,12.797,22.1122,14.8343,16.7371,22.3998,14.8362,12.7421174,18.98095,15.25464777,17.4571,19.3448,15.1707,14.79937255,22.0448575,8.521393065,14.83818436,23.1751857,12.88808689,14.77925848,23.23241478,14.49042788,11.33108341,21.08488253,7.723392532,11.37853355,21.13455423,8.209496662,13.70953444,21.21086843,9.679306196,12.19816752,21.29187858,11.39188621,10.27230344,20.11001004,9.371888116,12.22329802,21.00221039,12.33930987,10.31421061,19.95491047,13.50575091,13.55301445,22.26969485,12.4733349,17.95482735,21.61628796,7.583663601,17.97248605,21.59721035,8.061479722,15.99604726,21.37896444,9.495767932,17.65991583,21.55538111,11.35819313,19.55699001,20.81820739,9.114037751,17.4897737,21.40899096,12.22406256,19.40561017,20.75273623,13.48259121,16.09498158,22.43129379,12.39800044
Grand Gulch1,H. sapiens,10.1553,22.8026,12.976,13.8793,22.8221,13.1316,9.7483,19.1307,13.333,14.0296,19.1934,13.2669,12.18605071,21.97793829,6.628710149,12.05429979,23.36252551,11.15199165,12.05750383,23.81428253,12.68073614,8.671192684,21.46249523,5.669176766,8.713263908,21.58006349,5.970428412,11.25897804,21.48767478,7.594535356,9.423626804,21.71308835,9.453542524,7.291222443,20.65498809,7.350432147,9.530381723,21.45296456,10.40286916,7.524432423,21.03188557,11.53200686,10.90201951,22.46851807,10.64955227,15.47192048,21.33964855,5.87611109,15.48146923,21.35977843,6.154294589,13.09381217,21.29229305,7.790436734,14.59327609,21.65570146,9.535141421,16.83066853,20.52426141,7.57393656,14.44682884,21.49676196,10.5389973,16.61299411,20.9804349,11.6408286,13.20378643,22.4472421,10.6674872
Grand Gulch12,H. sapiens,15.342,24.3524,14.213,19.5564,24.2878,14.5368,14.9964,20.2063,14.369,19.8762,20.4043,14.5843,17.61475762,23.02530794,6.536806826,17.51368473,24.37714238,11.50938579,17.44279454,25.23368684,13.593998,14.24551652,22.1886968,5.406124019,14.33338745,22.39136002,5.950823173,16.52297685,22.35393003,7.872020596,14.44741738,22.54680034,9.495962879,12.73067062,21.42797771,7.28772053,14.83173451,22.67899557,10.48026886,12.28288358,21.91844972,11.81711504,16.22997558,23.66241536,11.18981272,20.90750883,22.11967076,5.439280677,20.93078056,22.32851175,6.082420569,18.66012971,22.33412731,8.017394125,20.73845792,22.64158606,9.520743772,22.45466273,21.46289744,7.368155379,20.30993104,22.7109108,10.68344347,22.55023949,21.92932429,11.95146223,18.93403419,23.7342522,11.14526659
KhoiSan12,H. sapiens,3.3757,29.247,12.8811,6.6905,29.2123,12.886,2.8323,25.2827,12.4912,7.4203,25.353,12.299,5.028319988,28.954456,7.257128144,4.983655776,29.67434331,11.48162394,5.036641673,30.10924763,12.72483584,1.475644845,28.15771297,6.235169877,1.579169625,28.27304135,6.601852865,3.830337953,28.32998881,7.854654305,2.209237225,28.63589193,9.249538142,0.167122295,27.23768991,7.54919817,2.212702965,28.17613116,10.25709617,0.536989755,27.16786776,11.41509327,3.708125183,28.982285,11.15928796,8.582933467,28.39674143,6.190628195,8.581269035,28.44617152,6.591251216,6.298895679,28.4435047,7.998954811,7.880064758,28.88251359,9.251654303,9.955350597,27.46079275,7.561380678,7.96947018,28.33424275,10.29281529,9.703696029,27.50923055,11.41364161,6.295552893,29.13010701,11.16250595
KhoiSan28,H. sapiens,0.1244,28.1695,15.0001,4.0179,27.9459,14.9689,-0.6261,24.2153,14.6368,4.504,24.0547,14.3617,1.965486224,28.02185305,7.936278464,2.033353177,28.45494211,12.97500748,2.076562964,28.981647,14.96801331,-1.68985698,27.52134774,6.846719714,-1.576872164,27.62303687,7.539212805,0.862062734,27.33081201,8.739079503,-0.803734947,27.52547369,10.714208,-3.147802393,26.57417963,8.853087277,-0.804901099,26.96976195,11.80683375,-2.43201961,26.3752986,12.77985695,0.684262704,27.88188108,12.27460518,4.318145695,27.75600261,6.346613366,4.662625134,27.42184763,7.357842287,2.979287712,27.22139692,8.773766909,4.608145939,27.41683043,10.55967589,6.803777271,26.27455829,8.607130265,4.559290407,26.79013986,11.57813702,6.208615241,26.28265053,12.43502698,3.263378811,27.86244527,12.36972457
Melanesian07,H. sapiens,13.958225,22.22412115,13.05984813,17.17340981,20.8419316,13.19620295,12.07749584,19.28683145,13.02778226,16.06638038,17.40334819,12.99504457,14.99226846,20.38526899,7.263154729,16.12679185,22.09938633,11.58694518,16.00478508,22.31115242,12.63499231,11.91888178,21.03369564,6.2896218,11.9652781,21.13211641,6.71437232,13.79298986,20.17997808,8.466626521,12.3580651,21.40255046,9.948507607,10.20588861,20.96644668,7.797187069,12.57453347,21.46460798,10.75330161,10.67112297,21.73683811,11.52727124,14.40080362,21.72125203,10.70903247,17.48828399,18.31510125,6.283154713,17.53422157,18.3234106,6.768821012,15.82842583,19.44782934,8.27176656,17.56489326,18.91733913,9.960347496,18.56122713,16.93315415,7.785015417,17.36751528,18.97017149,10.72513402,18.92504762,17.67825863,11.58474582,16.5663803,20.68915319,10.85253264
Melanesian14,H. sapiens,15.66222246,22.17219441,14.32624963,18.66738323,20.2423787,14.22038951,13.09473579,18.83267446,14.49755229,17.10849062,16.71805644,14.41638777,16.28814432,20.09111687,8.241423195,17.31843394,21.39656583,12.50439511,17.56861068,21.8913682,14.0687112,13.09734302,21.12291994,6.798592789,13.11417659,21.01441389,7.500430147,14.97573498,19.94380987,9.226473095,13.6191051,21.36130866,10.87635348,11.4948365,20.95512398,8.903032527,14.0929112,21.2577328,11.90677616,11.71434475,21.73842859,12.84058404,15.76747971,21.23714159,11.89668022,18.38942294,17.74169216,6.584736394,18.30906259,17.78182434,7.33350049,16.82173659,18.96262465,9.218593563,18.278208,18.6265291,10.62882742,19.29950551,16.40811804,8.393551207,18.31303188,18.68646255,11.74092808,19.94150124,16.69155768,12.63514322,17.74378921,20.01629608,11.98986321
Near Eastern08,H. sapiens,9.9372,27.8277,17.5007,14.2248,27.9981,17.2828,9.3516,24.5689,16.1746,14.8907,24.1068,16.077,12.06368171,29.47398049,10.17322325,12.09385233,29.44012186,15.81830085,12.19004734,29.03062791,17.24068438,8.624038625,28.71623181,8.976147401,8.629081528,28.69468298,9.546830296,11.0495747,28.50142242,10.7524982,9.50874299,28.24028579,12.78756516,7.224618876,27.56742359,10.40688593,9.35076798,27.83181948,14.25816096,7.018274152,26.24066587,15.02243378,10.79324889,28.83757714,14.63614991,15.6053552,28.90231995,9.013377021,15.63914962,28.83992138,9.659070514,13.11511845,28.49347023,10.96480833,14.7526601,28.26619767,12.74098294,17.20441467,27.71015755,10.50758995,14.80426197,28.11869596,14.0429458,17.23948432,26.27006994,15.01438498,13.55214667,28.85726339,14.52826538
Near Eastern15,H. sapiens,9.9871,29.3348,17.2377,13.8963,28.9673,17.4673,9.3471,25.3073,16.8818,14.0326,24.922,17.1944,12.07608398,29.34700131,9.888976971,12.1655731,30.0878051,14.99361012,12.08836617,30.22672561,16.97172476,8.551816232,28.8568589,8.938615597,8.67244785,28.78329263,9.61386974,10.73153431,28.44795408,11.03776866,9.319540359,28.76835443,12.6666712,6.938130047,27.62396214,10.69841245,9.297249419,28.65107265,13.55568619,7.475271289,27.82894012,14.86383245,10.85343564,29.46960076,14.23501168,15.78318402,28.18265295,8.99340162,15.70123868,28.17050311,9.607309042,13.43980241,28.24649933,11.19173132,14.79701224,28.32719133,12.82872588,17.11990824,26.93357591,10.69548629,14.60786876,28.13333406,13.92735592,16.63740968,26.70187134,14.85002838,13.28629252,29.26038066,14.29904541
Tasmania1,H. sapiens,20.4332,24.9062,13.6492,24.3605,24.7099,13.6478,20.1159,20.9108,13.9178,24.8111,20.8525,13.6268,22.44871662,23.94356774,7.90011713,22.44514688,25.32292186,12.08741972,22.43343584,25.8234866,13.14504435,18.33551276,23.15951065,6.995993261,18.5008755,23.2230146,7.541795782,21.37772265,22.96903616,8.789630838,19.97639612,23.15568584,10.30360391,17.34417533,22.01571526,8.420984115,19.72327614,23.23441934,11.43681521,17.79422757,22.42513418,12.38351389,21.1004562,24.49609798,11.77738489,25.92129876,23.52289268,6.466075537,25.78669049,23.37217652,7.268112146,23.59216276,22.86031715,8.580257416,25.55572945,22.98357475,10.20974475,27.55617655,22.02122032,7.996641499,25.1399352,23.04301743,11.01455847,27.06727407,22.31095107,12.21082268,23.6962933,24.51073867,11.50126821
Tasmania5,H. sapiens,20.0039,24.4718,14.4738,24.4088,24.1802,14.7059,19.7164,19.9791,14.4111,24.8048,19.6551,14.6003,22.44173283,23.20456929,8.413551297,22.38235468,24.79554291,12.89825763,22.39924625,25.3862357,14.13741703,18.6437771,22.74718161,7.236342994,18.68990247,22.77502891,7.931564015,21.05813528,22.30823825,9.202550377,19.39268187,22.81344335,10.50567013,17.38401703,21.98887552,8.606642488,19.41714019,22.75622983,11.81981092,17.66280668,22.16362771,12.45207773,20.87979526,24.05472845,12.11971312,26.02362884,23.08153025,7.59495373,26.03475807,23.0153882,8.12873671,23.89813985,22.43691152,9.259772686,25.4158732,22.67610209,10.78564836,27.61034095,21.95934559,8.998549389,25.29417283,22.67162563,11.90855689,27.03895138,21.8647963,12.83405172,23.80771413,24.0099763,12.3519906
Thai06,H. sapiens,9.6889,27.8045,16.2044,13.5377,27.8773,16.2975,9.333,24.2695,15.5464,13.9815,24.551,15.695,11.61550761,28.52546392,9.651064864,11.57019877,28.63943722,14.71887811,11.50268886,28.96572192,16.01453474,8.587926912,27.96406074,8.109346008,8.602142386,27.95107288,8.653371877,10.80815488,27.724514,10.45646281,8.726584229,27.59255987,12.21631448,7.07908389,26.78210708,9.660328088,8.92447234,27.14493636,13.39331082,6.643052703,26.57670076,14.0632017,10.52886678,28.01717292,13.73519876,14.76732977,28.23331698,8.31474152,14.77896,28.17030965,8.808200409,12.63432595,27.8035525,10.3915376,14.49234803,27.67400521,12.30695228,16.48748708,27.188118,9.909180983,14.31422048,27.21954119,13.4877879,16.57115154,26.66767345,14.49214335,12.79474462,28.13472113,13.9120767
Thai08,H. sapiens,9.5863,28.8689,18.216,13.4817,29.1295,18.3064,9.2048,24.8037,17.2754,14.4309,25.2217,17.4382,11.60664635,29.95717334,10.98989034,11.44753359,29.93473363,16.70294188,11.46013912,30.06537032,18.10030367,8.044711288,29.48901739,10.11820524,8.12348082,29.44947908,10.5895253,10.65425537,28.74558068,11.92847838,8.585697009,28.6415451,14.08324872,6.846898309,28.0752549,11.58868131,8.965665644,28.41717852,15.01196425,6.436745068,27.31925341,15.83083556,10.27300355,29.09075508,15.7254248,15.01980522,29.86220822,10.07064021,14.93501147,29.77804179,10.62330474,12.64957042,28.81317747,12.072947,14.77719084,28.87546151,14.25255498,16.4952762,28.71587864,11.64101138,14.18582112,28.54985103,15.38511356,16.88607551,27.84369239,16.04906639,12.68193373,29.24799705,15.69148457
Zulu01,H. sapiens,10.6059,25.103,16.836,14.5313,25.1971,16.6488,10.181,21.1878,15.9906,15.0884,21.2781,15.7544,12.497572,25.72485668,9.620978179,12.46079499,25.67166047,14.43555359,12.3637111,26.1584648,16.55877952,9.236281972,25.43757243,7.717749702,9.145632009,25.03639094,8.938728739,11.13013729,24.53438305,10.59485105,9.584215705,24.58489995,12.66980377,7.188172755,23.75660394,10.20988695,9.594031439,24.12841933,13.67448951,7.778085422,23.29984287,14.52241959,11.05451194,25.21179543,13.91337001,15.60848177,25.64462564,7.818272487,15.32019276,25.28819135,8.963475224,13.54613737,24.34117444,10.69622402,15.06287607,24.66500765,12.43602745,17.51617033,24.1464817,9.990486706,15.14133066,24.31769492,13.4897867,17.23703467,23.37058143,14.29655126,13.86338819,25.28023482,13.90429068
Zulu23,H. sapiens,10.4282,25.0788,15.7663,14.3047,25.0418,15.9933,10.1909,21.2305,14.8999,15.1988,21.3511,14.8225,12.66548514,25.26489176,9.5536596,12.44877264,25.42909259,13.75392552,12.37096751,26.18785575,15.52621628,9.14055612,24.74053674,8.691481556,9.170074144,24.70370889,8.954299565,11.5708373,24.47494388,10.10491996,9.94626961,24.5213443,12.03930421,7.78324577,23.62977834,10.02826175,9.81774069,24.07833221,13.13380697,7.828828269,23.68816234,14.07971977,11.11637104,24.92381835,13.15339366,15.79206217,25.23628461,8.688726686,15.81980319,25.16145124,8.950007783,13.75150696,24.54978863,10.06945908,15.30945629,24.80672639,12.04536545,17.50393924,24.01099275,10.19742961,15.23644937,24.38396232,13.08408806,17.24641241,24.00416031,13.99623919,13.90792956,25.03963418,13.27062316
