Specimen,SpeciesExpanded,Inion_X,Inion_Y,Inion_Z,Asterion R_X,Asterion R_Y,Asterion R_Z,Asterion L_X,Asterion L_Y,Asterion L_Z,Lambda_X,Lambda_Y,Lambda_Z,Stylomastoid For. R_X,Stylomastoid For. R_Y,Stylomastoid For. R_Z,Porion R_X,Porion R_Y,Porion R_Z,Auriculare R_X,Auriculare R_Y,Auriculare R_Z,Parietal Notch R_X,Parietal Notch R_Y,Parietal Notch R_Z,Mastoidiale R_X,Mastoidiale R_Y,Mastoidiale R_Z,Lat. Glenoid R_X,Lat. Glenoid R_Y,Lat. Glenoid R_Z,Stylomastoid For. L_X,Stylomastoid For. L_Y,Stylomastoid For. L_Z,Porion L_X,Porion L_Y,Porion L_Z,Auriculare L_X,Auriculare L_Y,Auriculare L_Z,Parietal Notch L_X,Parietal Notch L_Y,Parietal Notch L_Z,Mastoidiale L_X,Mastoidiale L_Y,Mastoidiale L_Z,Lat. Glenoid L_X,Lat. Glenoid L_Y,Lat. Glenoid L_Z,Bregma_X,Bregma_Y,Bregma_Z,Post-toral sulcus_X,Post-toral sulcus_Y,Post-toral sulcus_Z,Glabella_X,Glabella_Y,Glabella_Z,Stephanion R_X,Stephanion R_Y,Stephanion R_Z,Stephanion L_X,Stephanion L_Y,Stephanion L_Z
Das Es Soltane 5,early H. sapiens,NA,NA,NA,NA,NA,NA,NA,NA,NA,NA,NA,NA,6.587443308,11.61812652,15.11347837,4.494667084,11.52390313,13.84297897,4.167285822,11.36012356,13.44335998,NA,NA,NA,5.67484469,11.45538974,17.21841762,3.823463062,13.47477551,13.37277616,16.1479,12.1657,14.9136,18.183,12.3079,13.5568,18.51,12.1816,13.1435,NA,NA,NA,17.16,12.1132,16.9783,18.607,14.3215,13.0637,10.91700907,9.404822981,1.281788235,10.74842342,18.65553672,4.016262176,10.70492176,20.63352837,6.001356481,5.60719846,10.90738192,4.169705614,16.74609443,11.54536024,3.936827159
Jebel Irhoud 1,early H. sapiens,12.1644,4.6706,14.0041,5.9071,7.732,12.1958,17.9691,7.9699,12.2103,12.3245,3.1456,8.0089,7.242403999,12.43831938,13.4213784,5.4706,12.3685,11.8332,5.0522,12.3213,11.5364,4.9077,9.736,11.5839,6.117751255,11.79226061,14.62719131,4.7228,14.3721,11.9993,16.4537,12.7581,13.4532,18.6007,12.9861,11.6341,19.0432,12.9028,11.2644,18.8595,9.9774,12.253,17.6121,12.1913,14.6669,18.9673,15.0039,11.8278,11.85092388,12.00825441,0.7428859,11.41283048,20.30000805,4.079010769,11.41017742,21.60874727,5.733582661,6.268463646,13.81229396,2.670389928,17.40418119,14.19888306,2.708859682
Jebel Irhoud 2,early H. sapiens,8.4421,3.4127,11.6264,2.895854861,7.547763275,11.46793976,14.2288,6.8317,11.7238,8.7759,4.1673,6.9996,4.412825034,11.94637675,13.5142128,2.170803643,12.30144092,11.79217568,1.851209681,12.50807725,11.51464107,2.087618519,10.27991161,11.55473699,3.266824744,10.93827103,14.69786339,2.430591181,13.94208738,12.53604855,13.1868,11.392,13.7123,15.5308,11.4573,12.0938,15.886,11.6213,11.8315,15.3696,9.4407,11.8546,14.1425,10.2511,14.9434,15.4463,13.1197,12.8299,9.361991548,14.94670582,1.168822765,9.475306364,22.2840335,8.013341313,9.56746349,22.77922939,9.335854221,3.174973086,16.30514519,5.099230332,15.34016031,15.53649735,5.373879835
LH18,early H. sapiens,12.8007,7.7771,9.5669,5.8611,10.7299,10.0558,17.5417,12.6152,10.0235,12.0393,9.1882,3.4501,6.9364,14.2891,13.3717,4.978,15.1011,11.5325,4.6695,14.9818,11.1645,4.9989,12.6794,10.5883,5.4907,13.5362,13.6248,5.3971,16.9504,12.6578,16.44135074,15.50813862,13.04587233,18.00333012,16.7716379,11.08599448,18.30642269,16.7307765,10.69702922,18.52996382,14.41479978,10.12445804,18.04380605,15.14617374,13.19448222,17.20841924,18.46523734,12.25291051,10.84169798,20.67840047,1.637193984,10.23995224,26.69261144,8.8627839,10.13570173,27.04382601,11.05661566,5.937028989,20.46135395,4.147703768,15.10611126,21.50307128,3.390741314
Omo 1,early H. sapiens,6.8774,9.4881,13.2206,0.6525,13.0793,11.9058,13.155,13.614,12.172,7.0484,9.8267,6.0625,2.0641,18.9748,13.5556,0.6103,19.4148,11.4998,0.2702,19.4728,11.1014,-0.3998,16.9453,11.984,1.1088,18.63,15.1594,0.206,21.302,11.8794,11.4991,18.8516,14.478,13.4762,18.8356,12.2065,13.5471,18.7569,11.8788,13.9091,15.846,12.3921,12.26005608,18.30029078,15.90858128,13.9423,21.0245,12.8182,7.47418271,19.7674724,0.242730649,9.031897209,28.67161761,4.966515384,NA,NA,NA,1.737771191,21.01169111,2.583117613,13.04578848,20.72186615,3.432590354
Qafzeh 6,early H. sapiens,8.4936,9.0856,14.4827,2.8811,12.3536,13.4188,14.7522,12.272,12.8739,8.9293,8.3966,7.4438,4.05979265,16.4554865,14.34758059,2.5794,16.4549,12.5039,2.1166,16.4646,12.2461,2.219,13.8812,12.5881,3.074157422,15.50449108,16.14962127,1.194672369,18.33396301,12.62041478,12.6896,17.269,14.2117,14.6489,17.5197,12.5759,14.9842,17.4922,12.1449,14.92311369,15.07878965,12.38806743,13.8913,16.5242,15.9793,15.098,19.6446,12.4015,7.711714883,17.16274849,1.023132956,7.451291085,24.67135229,5.380709125,7.270003083,25.93500186,7.517517443,2.204818392,17.57129755,3.872435152,12.835704,17.98654228,3.25944462
Qafzeh 9,early H. sapiens,9.1855,6.6057,12.7594,5.3965,12.2524,11.9141,15.5379,7.3317,11.8504,8.6387,4.6961,6.5906,8.3233,15.4304,12.9256,7.2697,16.1534,11.7135,6.459,16.6281,11.3067,5.3205,14.0532,11.1739,7.1698,15.1902,14.3162,7.2899,17.5555,11.7413,15.23740003,12.77077461,13.35334954,17.2697,11.4266,11.5706,17.8239,11.3101,11.3345,17.1475,8.8154,10.9152,15.77703274,11.87928251,14.84869734,17.8736,12.8194,11.9291,12.76678506,15.004492,-0.014057468,15.12815188,22.21332561,6.700926608,15.44340129,22.83854556,8.442831854,8.467042387,17.66833118,3.537719792,17.75481933,13.84513138,3.641576362
Skhul 5,early H. sapiens,26.1393,12.9712,17.0349,23.2304,6.7822,15.1315,22.6224,18.3964,15.1364,28.1553,13.4109,11.4443,18.159,7.9448,15.0319,18.0614,6.0907,13.8145,18.2512,5.7269,13.1999,20.6329,5.9136,14.1981,18.0642,7.0097,16.7088,16.3384,5.8267,13.4461,17.6079,16.8492,14.5288,17.5377,18.8174,13.2591,17.5197,19.2242,12.8352,20.6197,19.1917,13.9944,17.5439,17.8464,15.9364,15.5745,18.8451,12.9531,20.01242533,12.97597253,2.399029898,11.95980293,12.68547843,5.735710529,10.375093,12.39595463,6.721854712,18.82926488,7.458433863,5.271636466,18.23917831,18.2593874,5.149137521
Dmanini2,H. erectus,14.2696,10.0971,9.3642,9.1496,12.1266,8.6189,18.7345,13.1923,8.7062,13.2756,9.9632,5.973,NA,NA,NA,8.2729,17.8448,7.3572,7.8317,17.9094,7.0841,7.9959,15.6401,6.9824,8.671383384,16.66288187,10.13693659,7.8674,19.6195,7.731,NA,NA,NA,19.1399,17.8374,7.4626,19.5077,17.8259,7.1087,19.2297,15.3881,7.1732,18.3872,16.6486,9.7126,18.666,19.1444,7.8495,13.21527623,16.22268788,0.604901082,12.77396082,23.03898533,2.154810265,13.28100406,25.01065391,3.03240788,9.331168418,17.77349342,1.460113701,16.14431081,17.91348499,1.369220743
Dmanisi1,H. erectus,13.7408,10.9067,7.046,8.1468,13.4262,7.6365,18.5832,14.5263,7.7758,13.6335,11.9229,3.824,9.516606434,17.12674045,10.19991756,7.310050063,17.97630443,9.052226209,6.871083122,18.06839001,8.701862283,7.529990614,14.95640632,7.066812648,7.258255339,16.47104586,10.57736477,6.7063,19.241,9.1591,17.0118,17.4272,10.2194,19.1492,18.4509,9.083,19.5812,18.5779,8.7349,19.182,15.4235,7.0971,19.3134,16.9543,10.6087,19.3399,20.2895,9.9723,13.02680963,21.47000224,0.614112954,13.05308157,27.32889815,5.73272874,12.97351809,28.17328131,7.370832755,9.368724542,21.51993752,2.007907927,16.34943401,21.74912167,1.774272841
KNM ER 3733,H. erectus,13.0717,4.0904,10.797,7.3543,7.8394,11.2511,18.8094,8.0618,9.9835,13.0712,5.1302,4.9599,8.9524,11.5676,11.1608,6.6306,12.2417,9.5116,6.3329,12.2632,9.1018,6.2794,8.8168,9.1046,7.174,11.0404,12.167,6.6542,14.2455,10.1441,17.3748,11.6922,10.9425,19.2342,12.8416,9.4311,19.506,12.9099,9.1782,19.3313,8.8789,9.0158,19.1019,11.5025,11.7052,19.111,14.6353,9.9217,13.03892915,12.60125452,0.101669004,12.90342987,19.37248989,3.467811483,13.12969609,21.17066135,4.649187086,8.656506464,12.90130509,1.626709579,16.94874733,12.91184445,1.028663333
KNM ER 3883,H. erectus,11.9782,6.1168,8.8025,5.8618,9.5569,8.9895,17.4335,8.6165,7.8217,11.2095,7.7869,3.8297,7.6449,13.6658,11.234,5.2239,14.2308,9.8342,4.9183,14.3032,9.4576,4.9016,11.0699,9.453,7.1258,13.1747,13.0993,5.0987,16.3376,10.6249,15.8724,12.6412,10.4338,18.18565534,13.54339038,9.01427163,18.44742297,13.58570078,8.601781367,18.12269233,10.36873678,8.616666618,16.60852817,12.671796,12.49944623,18.63046936,15.61996044,9.768913962,11.48271378,15.43882586,0.198441153,12.17963458,22.58677792,3.586670034,12.11912924,23.94732307,5.214197744,7.291376394,16.4425246,2.084699917,15.42828119,15.98592053,1.286093079
KNM WT 15000,H. erectus,13.3526,4.3003,10.1439,7.7515,6.5921,9.0138,18.5016,6.8016,9.91,13.3766,3.9287,6.3659,8.3675,11.2003,11.0333,7.1731,11.7892,8.5831,6.9352,11.8421,8.1036,6.7685,9.0236,8.3354,7.7059,10.8804,11.6796,7.1421,13.3332,9.0001,17.1799,11.1509,11.2985,19.2047,11.9632,9.3054,19.4616,12.0428,8.9788,19.7697,9.2378,9.2372,17.6357,10.8058,12.1554,18.9869,13.6766,9.7829,14.21922872,11.49687333,0.184515514,14.0710875,17.59247615,1.591297495,NA,NA,NA,9.720132688,13.14250048,1.635358788,18.05473563,12.40384148,1.738527047
OH9,H. erectus,12.1728,8.3734,6.0082,6.2102,10.7823,6.8434,17.5046,12.6374,7.0605,NA,NA,NA,6.6856,14.3617,10.0894,4.719,15.1396,8.5318,4.1975,15.1716,7.9889,4.3611,13.6523,6.3115,5.7079,13.5788,11.4669,3.7734,16.7183,9.8247,15.818,15.5419,11.0003,17.8368,16.7318,9.1556,18.1845,16.7582,8.7556,18.2286,13.6936,7.3406,16.63502621,14.89653473,12.1215724,17.95017651,18.42791976,10.67406736,10.92774915,20.74410566,0.410033141,9.973143767,26.98955724,6.706519532,9.669336607,28.53747301,8.835576138,6.830802953,20.45908512,1.322187676,15.11618753,21.45824435,1.818586504
KNM ER 1470,early Homo,15.8133,5.2865,11.5167,11.3284,8.3037,10.6494,20.50218898,8.131638161,11.31712125,15.8368,4.4917,7.1082,NA,NA,NA,9.8445,13.2653,10.489,9.6038,13.2292,10.0718,10.5491,9.8767,9.2408,NA,NA,NA,9.6705,15.0897,10.5077,NA,NA,NA,22.9906,11.5079,10.3225,23.0874,11.6337,9.9742,22.3036,9.2842,8.2659,NA,NA,NA,22.41509687,14.85066477,11.43532523,16.72185297,11.9182497,0.938805393,16.99179471,18.34698847,2.634879625,16.89550817,20.34715218,4.661171667,14.25644027,12.64515868,1.438347614,19.56419293,10.65415933,1.954275767
KNM ER 1813,early Homo,17.0426,6.0973,9.9109,12.24,9.1712,8.7044,21.5816,7.9332,8.5584,16.8908,6.0294,5.608,13.30273244,12.01705243,10.32440919,11.8359,12.9818,8.0157,11.5932,13.0149,7.6223,11.9366,10.0866,7.3254,12.6575,11.8842,10.6169,11.7183,14.3819,8.3308,20.7606,11.4755,10.465,22.5504,11.8726,8.6897,22.8939,11.749,8.2835,22.2868,9.1716,8.2431,21.8447,10.9995,11.0667,22.8662,13.5455,9.1382,16.86495458,12.72180028,0.575397599,17.47091575,18.36837829,3.294217307,17.52820612,19.40185618,4.334237281,13.86205135,13.39734343,1.830702927,20.21761851,12.76061971,2.040075251
Broken Hill (Kabwe),H. heidelbergensis s.l.,13.6894,5.8348,13.9605,7.276160816,10.00364372,12.60373983,20.0803,9.9608,12.5326,13.6702,4.8533,8.5823,9.365119928,15.29037568,12.40621265,7.117845674,15.19495132,10.77307896,6.720605584,15.17289754,10.46177287,6.538939617,11.7687883,11.84135006,7.812803901,14.0056048,14.28822969,6.869331707,17.08065352,10.69100537,18.0247,15.2614,12.3581,20.253,15.151,10.7001,20.6466,15.1263,10.3844,20.8208,11.721,11.762,19.5892,13.9662,14.2228,20.5132,17.035,10.6152,13.55815962,12.95630014,0.41939413,13.55214068,22.59378855,2.843280404,13.69509392,24.03293439,4.494920333,8.120169707,14.8762594,3.031974893,19.22647448,14.43644958,2.673043025
Dali,H. heidelbergensis s.l.,18.0483,3.6363,11.8811,12.4187,8.1561,10.4829,24.1398,8.1422,10.8554,18.7057,3.9672,5.0418,13.8413,12.3299,11.5126,11.5616,13.0362,10.0618,11.1697,12.9896,9.7337,11.4501,10.2555,9.996,13.2289,12.0493,12.5998,11.5284,14.6092,10.6319,22.57,12.2829,12.1837,24.9077,13.0956,10.6936,25.3916,13.157,10.4833,25.1196,10.4385,10.5138,23.4208,11.9403,13.3996,24.713,14.5918,11.2029,18.50503932,13.14398105,0.055205573,18.28105538,21.75689704,3.60081703,18.20760259,23.08400252,5.506394321,13.16911443,14.70312895,2.180442473,23.05778132,14.26596329,2.206479716
Ndutu,H. heidelbergensis s.l.,11.7383,9.3295,11.2833,5.4185,11.6791,9.945,17.1541,12.4006,10.4059,12.3152,8.8356,5.6285,7.077522813,16.16054459,11.4308806,4.9475,16.7629,9.6372,4.8128,16.7635,9.456,4.5956,13.6285,9.3951,5.6637,14.9065,12.3889,4.970386245,18.38816442,10.41840296,15.4029,16.5099,11.8311,17.639,17.1497,10.0552,17.9182,17.1008,9.6145,17.9595,14.5001,9.0433,16.2074,15.7717,12.9388,17.4037,18.9099,11.0161,NA,NA,NA,11.50724753,25.23137016,5.01319205,11.39506158,26.38664936,6.266560314,6.459299982,19.19951814,2.599296751,16.60776019,19.62537506,3.087155802
Petralona,H. heidelbergensis s.l.,6.8849,5.6837,12.5332,4.9239,13.5763,11.4755,14.7683,5.1359,11.9739,6.9256,5.7935,7.0507,NA,NA,NA,7.7781,18.1195,10.9837,7.4341,18.4849,10.4145,6.7258,16.466,10.9953,NA,NA,NA,8.781796389,18.8911008,11.74758893,NA,NA,NA,19.126,8.7217,11.2625,19.4663,8.4806,10.7631,17.4446,6.7397,11.1148,NA,NA,NA,19.925,9.7564,11.8769,13.48984074,12.50806491,0.249031252,18.22437005,18.80574869,3.364212109,19.39012039,20.22424733,5.614937565,10.44561156,18.25343634,3.323548941,19.08330291,10.99544646,4.099524808
Sima Craneo 5,H. heidelbergensis s.l.,15.0783,7.2484,9.485,9.2053,10.5965,9.2287,20.6176,11.0427,9.2816,14.8072,8.3406,3.9408,10.2801,14.3148,11.493,8.4088,14.9813,10.3949,7.9228,14.977,9.8249,8.0402,13.2155,9.0905,9.3643,13.0972,13.2207,7.9592,16.4385,11.2341,18.8243,15.1938,11.6737,21.1269,15.6001,10.446,21.4875,15.6532,9.9884,21.3954,13.3113,9.3783,20.1206,13.4027,13.3511,21.313,17.0111,11.268,14.87182074,18.00970677,0.965425462,14.39892977,23.98705917,6.106091075,14.4078116,24.81740493,7.762323696,9.110197197,18.90239342,4.22758791,20.19108905,19.20576116,4.292064174
Amud 1,H. neanderthalensis,9.4093,6.3476,11.1075,5.9513,13.0453,12.1635,17.2392,6.1377,10.599,9.708,6.3257,3.9639,9.516132208,15.43629823,13.73834478,8.6292,16.9991,13.0569,8.1348,17.4536,12.7464,6.255353824,15.06983908,11.4019638,8.451712573,15.56347246,15.37553942,8.9971,18.4772,13.2408,17.799,10.6134,13.431,19.7043,10.26,12.0863,20.1511,10.2253,11.4676,18.9558,7.6747,10.9307,18.5239,9.6987,15.0018,20.6331,11.4962,12.5294,15.13983674,15.92112708,0.5280693,18.96428006,22.20392676,6.223010217,19.60873808,23.36488932,8.717367519,10.93800518,19.38158411,3.672693794,20.19529538,13.04127081,3.788928293
Gibraltar 1,H. neanderthalensis,13.8863,7.9563,11.7971,8.2261,11.1455,10.7259,19.67007892,11.23840616,10.98614903,13.8663,7.1981,6.2625,9.6561,14.9363,11.6096,8.0235,15.3869,10.4779,7.6741,15.4946,10.3439,7.9419,12.8469,10.4943,9.1828,14.4958,12.6246,7.5453,16.9941,10.5885,18.14006209,15.00517572,11.8025349,19.81488967,15.48262656,10.74604954,20.16822586,15.59603161,10.62803056,19.93686625,12.94427926,10.7670791,18.57382098,14.57203954,12.83816244,20.26142454,17.09733387,10.87767906,14.21211645,16.37772833,0.350471155,13.88457888,23.16250619,3.110558731,13.8682406,24.79558311,5.613858978,8.553683999,16.64015441,2.637146917,19.62139411,16.73000588,2.888839167
Guattari 1,H. neanderthalensis,14.5622,6.6212,12.806,9.121,10.391,12.0593,21.1819,10.0016,11.4843,14.4515,5.2754,6.7345,10.6993,14.9071,12.706,8.8415,15.2534,11.6374,8.1935,15.3412,11.1914,8.3916,12.8486,11.8447,9.8322,14.3903,14.1856,8.6392,16.8071,12.4318,19.8919,14.5414,11.9485,21.7216,14.8186,10.6358,22.2482,14.8303,10.193,21.9115,12.4571,10.8409,20.70910567,14.04466234,13.53037508,21.9499,16.3259,11.4576,14.68137698,13.61408168,0.294288886,14.74979607,21.9195359,3.163449739,15.16472895,23.99255058,4.804342855,8.962576818,15.89993921,3.205934263,20.12647497,15.38082241,2.338822318
Krapina 3,early H. neanderthalensis,NA,NA,NA,6.2532,12.413,10.9922,18.61537226,11.6988242,10.43152718,NA,NA,NA,7.9596,16.3689,12.364,6.0944,16.9539,10.7543,5.7128,17.0397,10.3312,5.6257,14.2606,10.645,6.8894,15.9271,13.3992,NA,NA,NA,17.5056697,15.81741343,11.93104844,19.27285467,16.1925667,10.15660558,19.62204747,16.23614802,9.700361275,19.41714396,13.46385365,10.01950412,18.60700961,15.25016126,12.86776062,NA,NA,NA,12.16285635,15.66701141,0.162276322,12.77894364,23.95501821,3.065210412,13.0143538,25.31660367,4.69461383,NA,NA,NA,NA,NA,NA
La Chapelle aux Saints,H. neanderthalensis,20.2138,5.3829,11.1852,14.321,9.3808,10.54,25.7902,10.2195,10.9409,20.2861,5.809,4.4739,15.7694,14.0339,11.6139,13.7553,14.5031,10.8732,13.2629,14.6081,10.4806,13.5018,12.3375,10.3451,14.982,12.9324,13.3172,13.1469,16.2059,11.8478,24.4902,14.2773,12.0187,26.4242,14.6266,10.9564,26.7471,14.6463,10.7611,26.3676,12.2082,10.6089,25.1068,13.5704,13.7798,26.7668,16.2991,11.6384,19.56495348,15.82060184,-0.037088913,19.60304285,23.52467912,4.057046862,19.63139314,24.79189705,5.322091225,13.57977962,17.48892743,3.464706525,25.69720688,17.35817058,3.098079057
La Ferrassie 1,H. neanderthalensis,19.3123,8.1997,12.9809,13.09705972,12.06675495,12.10819051,25.6631,10.9677,11.6692,19.1648,6.9327,6.5972,14.7124,16.1805,12.6734,12.94,16.8527,11.5147,12.5017,16.9729,11.1789,12.4908,14.1851,11.1969,13.51656553,15.40544376,14.58375012,12.60801279,18.64008907,12.2991375,24.928,15.5531,12.8563,26.7133,15.7033,11.3828,27.077,15.6537,11.0004,26.783,12.7812,11.0374,26.0013,14.3135,14.1476,27.2965,17.3554,11.786,19.32138414,15.64530492,0.33245366,20.09674693,24.01676175,3.259720316,20.30272867,26.05654845,5.153648956,13.79896794,17.87541547,3.276815329,25.30581685,16.96058879,2.867787549
Quina 5,H. neanderthalensis,19.6002,8.9286,9.8304,14.3361,12.8772,9.756,25.5526,13.3588,10.1576,19.7835,9.7655,3.8602,16.2541,16.7223,12.1547,14.5982,17.5051,11.2831,14.154,17.6665,10.9481,13.9562,15.315,10.413,15.5270828,16.25948456,13.32197364,14.5163,19.1476,12.1645,23.8468,16.8752,12.1511,25.6789,17.5378,11.1207,26.0395,17.5411,10.7768,25.9461,15.0104,10.2485,24.7359,16.1962,13.2331,25.9294,19.1833,11.8483,20.19461293,19.12746869,0.127572243,20.12100808,26.8440877,4.273895681,20.01654603,27.79168877,6.057006345,14.82801008,20.40469337,3.433280174,25.17634545,20.40377831,4.002506375
Saccopastore 1,early H. neanderthalensis,14.052,5.5436,11.2613,8.2999,8.5936,9.9482,20.0319,8.8045,10.2054,14.094,4.6713,4.8235,9.7292,12.6135,10.9945,7.9808,12.8576,9.9339,7.6455,12.8504,9.7699,7.79,10.8541,10.0796,8.9697,12.149,12.3544,NA,NA,NA,18.1866,12.9151,11.3485,20.0575,13.1175,10.2523,20.4134,13.1196,9.9351,20.354,11.0917,10.4694,18.9737,12.2809,12.9021,NA,NA,NA,14.06812033,13.87215199,0.036777925,13.98351066,20.71815021,3.243846274,NA,NA,NA,8.639624026,14.81622354,2.194508487,19.32734972,15.07733246,3.137856991
Shanidar 1,H. neanderthalensis,13.3767,2.739,11.5173,7.7778,7.2138,11.4726,19.7199,6.925,12.1184,13.5999,2.4316,6.0494,9.8434,11.4395,13.3023,7.6856,11.8191,11.9899,7.3867,11.8842,11.7069,7.2071,9.0572,11.5773,8.8414,10.2664,14.5224,7.3752,13.5787,12.6654,18.6756,11.2512,13.5002,20.4067,11.5359,12.0825,20.9029,11.568,11.6627,20.9343,8.8298,11.6218,19.4511,10.1979,14.7192,20.7169,13.337,12.7998,14.04106981,14.29492029,0.76722922,13.815478,20.97844468,6.181446111,13.99509271,22.2691209,8.153627766,8.044263794,15.79513011,4.831521805,19.96361646,15.79711347,4.934278829
Tabun C1,early H. neanderthalensis,8.884,6.4972,13.1214,4.5115,11.6246,10.966,14.9008,6.2099,11.4648,8.4246,4.7062,7.6752,6.9591,14.8502,11.8983,6.2155,15.4428,10.3104,5.7526,15.7293,9.8779,4.6432,13.5057,10.0468,5.8575,15.0927,12.512,6.851510572,16.78951892,10.31686719,16.5873,10.9409,12.0268,17.7937,9.7375,11.0921,17.83605514,10.15763566,10.67350143,16.84659525,7.878731438,10.85029855,17.209,10.2462,13.1788,17.88488282,11.70204633,11.04332883,12.27800606,11.80211516,0.846958807,15.05816677,18.57334015,2.81728025,15.60602201,20.21477851,4.315477144,7.214931791,15.46423595,2.381014583,17.50547266,10.71928188,3.058566567
Abri Pataud,Upper Paleolithic H. sapiens,18.1639,10.4859,12.3708,12.8853,14.1533,11.1341,23.3699,14.2162,11.3279,18.7715,10.0495,5.8911,13.8454,18.5649,12.4885,12.2438,18.8566,11.0728,11.9954,18.9015,10.7787,12.0756,15.4844,10.4347,12.6532,18.15,14.0608,11.9056,20.7649,11.3464,22.1325,18.5912,12.821,23.8231,18.953,11.6021,24.0856,18.8913,11.4205,24.3717,15.7554,10.8156,23.2592,17.8444,14.2533,23.9367,20.7543,11.9767,18.6380487,19.23127873,0.049565664,18.54531872,27.19233466,5.624410933,18.47191731,27.45895066,6.655946948,12.71245933,21.28332564,3.872800375,24.19747859,21.56942072,4.959212201
Brno 2,Upper Paleolithic H. sapiens,8.6199,6.8157,12.597,3.407,9.5004,11.7699,14.1017,10.3728,11.4314,8.5995,6.6835,6.6804,5.326687029,13.6125756,13.81646292,3.7097,14.1819,13.725,3.407,14.2485,13.5497,2.6519,11.8081,12.2734,4.7493,11.9721,15.811,NA,NA,NA,12.5266,13.9198,13.4413,13.9739,15.2097,12.3655,14.2117,15.2424,12.2665,15.1023,12.8071,10.6432,13.5644,13.3914,14.9128,NA,NA,NA,8.154129314,17.73814609,0.408252599,8.315259252,25.28324374,6.731433699,8.236828135,26.07581493,8.467810483,2.876550956,18.33986063,3.826023462,14.3577517,18.30533378,3.615926158
Chancelade,Upper Paleolithic H. sapiens,16.3841,20.5994,14.7357,21.3533,18.8266,13.3773,11.5127,17.8288,12.7247,16.135,22.1915,8.8015,21.1302,12.9032,14.1265,22.769,12.8408,12.4701,23.0385,12.8922,12.0517,23.0413,15.5695,12.27,22.0678,13.0236,15.7885,23.2667,11.1153,12.4321,12.7539,12.5962,14.0491,11.3424,12.2978,12.3764,10.8309,12.2985,11.9481,10.2716,14.6908,12.0229,11.7108,12.6207,15.5387,10.9178,10.5674,12.1646,16.43233649,13.90647364,0.051488244,17.39580231,4.577629542,5.686440428,17.43573764,4.413135084,6.376583053,22.95141091,11.0333946,4.532295155,11.29212135,11.17400861,3.441754173
Cioclovina,Upper Paleolithic H. sapiens,9.0517,9.5607,12.2417,2.5768,12.7564,11.8725,14.2065,13.7747,11.2284,8.7907,9.3486,5.7705,3.8536,16.7019,13.5872,2.0094,17.2562,11.8944,1.6813,17.0529,11.5964,2.0244,14.0916,11.33,2.6663,15.9513,14.8741,1.4918,18.9157,12.4652,12.2694,17.5534,13.3056,14.1203,18.198,11.7444,14.5669,18.1714,11.2525,14.384,14.6168,11.0539,13.75166142,16.68424185,14.79269715,14.49031594,19.77513579,12.36974833,8.012022403,19.66398722,0.911166369,7.576775682,26.61578725,7.025343719,7.612862054,27.1811762,8.798707024,2.437661941,20.51569792,4.433037676,13.05727845,20.66002484,3.687667691
Cro Magnon 1,Upper Paleolithic H. sapiens,14.1826,9.9127,13.5369,9.0588,12.2904,12.5367,19.6857,12.9325,12.7891,14.4034,8.753,7.4897,9.9051,17.7129,13.6805,8.1998,18.0888,12.2092,7.7867,18.0957,11.9148,7.8628,14.7141,12.382,8.7028,17.3393,15.301,8.007,19.7478,12.5448,16.4566,18.2637,12.9107,19.757,18.3888,12.5106,20.1625,18.4197,12.3102,20.5178,15.0675,12.2004,19.2193,17.6808,15.5071,19.9075,19.7899,12.8755,14.59441014,17.76936399,0.075141988,14.20253997,27.88398419,5.858430183,14.0907193,28.18676796,6.644948732,7.647442015,20.85124799,4.636954657,19.80535343,22.58856873,3.445430301
Cro-Magnon 2,Upper Paleolithic H. sapiens,14.8162,12.6848,14.1074,8.88176086,15.56932443,12.99867716,20.3177,16.5259,12.3875,14.7008,10.711,7.3407,10.26575149,19.898283,13.20201356,8.271121409,20.32970709,11.96210021,7.801227752,20.23670234,11.73316413,7.635551039,17.12700123,11.40155597,9.237144998,19.88456067,14.70792558,NA,NA,NA,18.2651,20.5674,12.7745,20.0181,21.3123,11.3343,20.47,21.2964,11.0561,21.1125,18.2543,10.6813,19.4353,20.7376,14.1629,NA,NA,NA,13.84272063,20.42030248,0.070967727,13.31366398,28.92153786,5.653334254,13.37731075,29.17978101,6.773439181,7.767670657,21.30366786,4.619463281,19.22334823,22.80396588,3.069831294
Dolni Vestonice 13,Upper Paleolithic H. sapiens,16.2339,8.3137,14.3411,10.4834,11.8555,13.0838,22.0629,11.2014,13.5262,16.4763,6.7547,8.8837,11.9634,16.1795,14.1472,10.4691,16.8026,12.6505,10.1252,16.8333,12.3646,9.9252,13.6036,12.4048,11.3126,16.0405,15.7068,10.325,18.462,12.9043,21.2627,15.449,14.344,22.6933,15.8206,12.9546,23.127,15.7811,12.6187,23.2943,13.2231,12.0422,22.3086,14.8573,15.7747,23.0364,17.4894,13.1816,17.30673861,16.27378625,1.291525397,17.2846363,24.7068334,6.624714661,17.18973643,25.27414603,7.940978382,11.33997826,18.96564539,4.464114189,22.85973343,18.31270238,5.806459386
Dolni Vestonice 15,Upper Paleolithic H. sapiens,16.3776,8.2169,13.756,10.7423,10.9532,11.7235,21.4498,11.5255,12.5243,16.7152,6.5538,7.7659,12.4602,14.4816,13.3385,11.1819,15.4602,11.9751,10.794,15.5945,11.7012,10.1524,12.9098,11.365,11.4458,14.9646,14.7771,11.039,17.3739,12.488,20.3371,15.4009,12.9294,21.9185,16.0624,11.9311,22.1728,16.1024,11.7903,22.6286,13.8421,11.4071,21.1376,15.5055,14.7303,22.1405,17.8897,12.2593,17.28574481,16.08835836,0.417529891,16.98422477,24.13424223,6.296357793,17.05094681,24.70601245,7.635456239,12.02845706,17.22790689,3.239081947,22.13279719,17.11421667,3.189009044
Dolni Vestonice 16,Upper Paleolithic H. sapiens,16.9134,7.0384,13.4102,11.2633,11.1002,12.2413,22.2245,9.9817,12.4818,17.3529,6.5143,6.7923,12.3282,15.9364,13.7093,11.1825,16.3955,12.5708,10.5074,16.3922,11.7465,10.312,13.0978,11.5362,11.5477,15.8125,15.6492,10.6857,18.2668,12.5057,21.483,14.5983,13.8895,22.9044,15.1566,12.4631,23.3177,15.1708,12.1059,23.3997,12.189,11.2877,22.4755,14.5268,15.5704,23.1691,17.1851,12.6797,16.71624623,16.7725109,0.597553767,16.95215882,24.69715591,6.017013223,17.00007637,25.66253453,7.953086487,11.67014202,17.33323658,3.018686266,21.23397889,17.3129523,2.934503304
Dolni Vestonice 3,Upper Paleolithic H. sapiens,8.1939,7.7163,12.9834,3.2492,11.9231,10.9337,13.3658,10.6342,12.0903,8.6382,6.778,7.6459,4.9677,15.7151,12.7744,3.289,16.3367,11.4118,2.9518,16.3303,11.0316,2.807,14.278,10.8209,4.166,15.2502,13.7794,3.1609,18.3643,12.0245,12.6233,14.7285,13.2341,14.3494,15.1452,11.792,14.5513,15.1502,11.5563,14.7107,12.9255,10.9833,13.2971,14.5541,14.0215,14.3707,17.1783,12.3446,9.026906844,16.3077015,0.524570685,9.500387819,24.41408149,6.094982739,9.452421491,24.59794266,7.266972499,3.897503579,16.84016465,2.270238603,14.44952076,16.14012472,2.778244717
Grimaldi,Upper Paleolithic H. sapiens,-2.2838,1.6935,7.3099,2.2995,6.4532,8.2666,0.3785,-3.3562,3.4942,-3.8707,3.0953,1.793,7.2415,5.4829,8.7908,7.3529,7.0154,7.4765,7.3402,7.4873,7.0686,4.7449,7.8523,6.6326,7.0526,5.996,10.1726,8.9458,7.2516,7.2933,6.0565,-3.8489,4.8627,6.1226,-4.0714,3.0087,5.9492,-4.3849,2.567,2.0971,-4.3264,3.0904,5.870207359,-5.287593113,6.38227705,7.6644,-4.4272,2.6681,5.611509869,5.686216683,-6.749874438,14.16531461,3.070345955,-2.245267031,14.66731712,2.640937458,-1.022897896,7.444806026,9.443104611,-3.034855027,6.647517859,-0.265774707,-5.530815079
Hofmeyr,Upper Paleolithic H. sapiens,NA,NA,NA,12.1496,11.7182,12.8145,23.21223347,14.42954631,13.13141692,18.8712,8.557,7.0215,NA,NA,NA,11.0342,16.6814,11.8739,10.5995,16.5481,11.3188,10.7028,13.7748,11.9182,11.031,16.3815,15.4513,10.1656,18.3175,11.7458,NA,NA,NA,21.9571634,19.3585145,12.18681572,22.43353388,19.44850922,11.65781563,23.59111497,16.9336035,12.28741816,21.90536087,19.04670249,15.76282338,21.97701964,21.21236669,12.08416778,17.30467666,16.97886926,0.252299762,14.60710223,26.38116853,6.560287836,14.57125579,26.47657038,7.285484624,10.86171674,18.19284864,3.239183877,21.87781834,20.89279043,3.554767778
Iwo Eleru,Upper Paleolithic H. sapiens,16.2973,0.5357,-5.9407,13.1343,6.9355,-6.8897,11.2068,-4.5784,-4.1333,16.3612,2.674,-0.8758,9.035753343,6.038760025,-9.079116436,8.8766,8.4596,-7.9104,9.1377,8.8477,-7.621,11.2667,8.0513,-7.6547,9.6586,6.4283,-9.9592,7.4613,8.8886,-8.1044,7.8424,-2.9665,-6.4911,7.1988,-4.1495,-4.9027,7.2027,-4.4712,-4.1534,9.615908283,-4.40587267,-4.074640399,8.1612,-4.4438,-7.1649,5.6818,-3.7912,-5.6069,4.6382,6.8202,2.7853,-1.4392,5.2157,-1.1637,-2.7093,4.4357,-3.2313,6.7557,9.9465,-0.8349,5.264515027,-1.306251334,2.399021655
Kanalda,Upper Paleolithic H. sapiens,14.9924,8.996,13.8525,8.7001,11.4786,12.1486,20.4392,12.8171,12.1174,14.926,8.0234,7.3647,9.6416,16.4382,13.7785,7.7973,16.393,12.098,7.5269,16.3834,11.7029,7.6583,12.9503,11.9681,NA,NA,NA,7.405,17.8176,12.3537,18.6134,17.3131,13.779,20.297,17.7947,12.0471,20.5474,17.727,11.8444,21.1472,14.932,11.7447,NA,NA,NA,20.2549,19.3379,12.5237,14.04439495,17.49103725,0.072871548,13.11422014,25.97514711,6.024267606,13.03682548,26.44862658,7.489591855,9.409335233,18.208512,2.18087193,18.37577738,19.34744977,2.299113869
Lau bassa,Upper Paleolithic H. sapiens,21.1403,12.9456,10.1556,16.3633,14.5784,11.2476,26.0035,16.5687,11.7046,21.0552,13.9796,3.5378,17.2349,19.5964,12.9718,16.1539,18.8069,13.1347,15.7936,18.8446,12.9936,15.2283,17.3523,12.0224,16.74845612,17.60549915,14.40224586,15.81168584,20.79641502,13.23226834,24.6757,19.1552,12.8001,26.3106,20.0565,12.0922,26.6339,20.0729,11.8127,27.268,17.9993,10.0154,25.9685,18.4862,13.6922,26.0994,21.7791,12.44,18.8354868,25.09458632,2.279710454,NA,NA,NA,NA,NA,NA,15.16646921,24.13108432,4.968789869,25.67377431,25.78719752,6.533945404
Mladec 1,Upper Paleolithic H. sapiens,14.5154,7.7545,14.6364,8.9847,10.1713,12.6662,20.0537,10.0836,12.7374,14.5667,5.4266,7.3474,NA,NA,NA,8.8626,15.6547,11.9984,8.2027,15.7296,11.6723,8.2106,11.6629,11.8264,9.09782571,14.63856149,14.6427944,8.107,17.4227,11.7708,NA,NA,NA,20.7806,15.2966,11.632,21.1941,15.3834,11.2387,21.2001,11.8728,11.676,20.1482,14.5693,14.7115,20.9512,17.2296,11.5997,14.57893609,14.80811684,-0.015182112,14.86724189,23.66489903,4.778387028,14.68626411,23.85594017,6.408740325,8.528423598,17.05673493,3.383169189,20.88782656,16.97926871,3.460013667
Mladec 2,Upper Paleolithic H. sapiens,NA,NA,NA,8.7787,10.2783,12.523,20.3404,9.7414,11.2723,14.0715,5.36,7.3029,10.1259,14.5841,12.3267,8.5508,14.7217,11.3845,7.7627,14.6598,11.0569,7.7164,11.4969,11.9296,8.000417065,13.63547134,13.89610196,7.5767,16.1576,10.8541,18.769,14.0818,12.5888,20.5471,14.1834,11.1654,21.0193,14.1794,10.7531,21.2293,11.1288,10.7438,20.4706,13.8147,13.4451,20.637,15.8551,11.2278,13.73684799,13.85115779,0.552352699,13.52786836,21.7640601,3.662876419,13.62761611,22.34172413,5.227414122,8.562494702,14.74907659,2.478512788,19.0347021,15.54522971,2.832140006
Mladec 5,Upper Paleolithic H. sapiens,9.4857,8.865,10.5612,3.6065,12.5465,10.7307,15.2401,11.9843,10.4824,9.9008,10.2011,3.8319,4.1221,16.5948,13.2116,2.6577,17.0791,11.497,2.2109,17.1492,11.0704,2.6905,14.3805,9.9703,3.5635,15.8012,14.325,2.0488,18.8129,12.0396,13.2751,16.7447,12.1261,15.8038,17.0047,11.3499,16.1995,17.0416,11.2319,16.4591,14.096,10.3654,15.06294068,15.56454385,14.33994547,16.70619873,18.51125372,12.05864977,9.991648877,21.61274583,0.83825237,9.768480077,28.43317127,7.942785475,9.786019054,28.64167236,9.81951723,4.424587668,22.07929735,3.12081978,15.10707159,21.01708948,2.376657688
Mladec 6,Upper Paleolithic H. sapiens,13.555,2.451,12.429,8.424,4.686,12.384,18.674,6.638,11.269,13.622,3.129,5.721,NA,NA,NA,8.569,9.989,13.487,8.3,10.098,13.265,7.83,7.352,12.211,9.032,8.145,15.789,NA,NA,NA,NA,NA,NA,18.991,11.267,12.691,19.32,11.317,12.607,20.073,8.765,11.032,17.951,9.627,15.13,NA,NA,NA,12.50868609,13.82129816,0.631953506,12.13090187,21.72559962,7.945767482,12.42382379,22.35150571,8.887406042,7.001328531,14.26043202,3.478059204,17.5533001,15.4305704,3.265211367
Oase 2,Upper Paleolithic H. sapiens,12.6822,6.9247,-7.918,10.4108,11.7854,-4.2652,9.4251,1.5577,-8.0829,15.8238,4.7124,-2.9766,5.543084393,11.24173841,-4.517127773,5.5932,12.2774,-2.5754,5.6914,12.334,-2.2526,9.044922726,12.12669009,-2.539082229,5.714425898,12.64589796,-5.12807761,4.03302893,12.28425891,-1.643879554,4.5204,2.8671,-7.7358,4.3036,0.8406,-6.5749,4.381,0.5617,-6.4106,7.5868,0.1863,-7.1282,4.4417,2.2237,-9.1337,2.5981,0.5338,-6.16,8.003043582,2.031193266,5.837264755,-0.954194518,4.043098101,3.550718759,-2.544600988,4.646403054,2.218512531,6.15506031,7.313776708,5.845550311,5.105168064,-1.28366352,2.5412474
Ohalo II,Upper Paleolithic H. sapiens,12.8328,5.5566,-6.6924,11.1906,10.3244,-2.9173,8.3488,1.0133,-7.1949,15.0377,2.4721,-0.8386,7.5045,10.6905,-4.078,7.3749,11.4124,-1.2693,7.3868,11.5351,-0.7743,10.316,10.9356,-1.7935,7.6807,11.9226,-4.6771,5.8943,12.1114,-0.8995,4.7489,3.4299,-6.4868,4.1321,1.2289,-5.9784,4.1604,0.6741,-5.9867,7.1576,0.2602,-6.7279,4.821,3.3637,-8.6966,2.4761,1.4951,-5.9934,6.904,1.0248,6.4185,-1.5159,4.92,3.2264,-1.845,5.4358,1.9987,7.249005292,6.829546478,6.977675661,4.3964,-2.562,2.4831
Pavlov 1,Upper Paleolithic H. sapiens,12.2005,6.3873,12.055,6.3668,9.7307,11.6444,17.2885,10.4927,11.6337,11.9412,6.7226,5.0772,7.751909014,13.96640969,13.68175775,6.000780015,14.46790733,12.70598151,5.590826085,14.53909387,12.4465502,5.716559636,11.87938684,11.50175486,6.896586669,13.04252302,15.54148541,5.53038095,16.15293209,13.28638712,15.854,14.3337,13.5845,17.5287,14.9905,12.5676,17.9242,15.0982,12.2985,18.017,12.437,11.3541,16.8337,13.493,15.4222,17.8585,16.7118,13.1384,11.46040756,17.02606316,0.711290718,11.21903096,24.99053581,8.147770796,11.30143792,25.60656198,9.760578462,5.828835329,18.02354387,4.366970194,17.15181905,18.80246356,4.61798632
Predmost 3,Upper Paleolithic H. sapiens,13.7997,3.4157,12.4956,7.8255,5.917,11.6715,18.8563,6.3729,11.6069,13.6219,3.5536,5.1345,8.6605,10.456,13.4094,7.0566,11.2842,12.3363,6.471,11.4338,11.6689,6.1189,8.0885,10.9752,7.2228,9.2987,14.9362,6.654,13.2859,12.8374,18.1179,11.0862,13.3551,20.122,12.0197,12.4128,20.5965,12.0647,11.7924,20.5743,8.4601,11.2864,19.2798,10.3264,15.2581,20.1856,14.1396,13.0413,13.40261263,14.17167127,0.382233918,13.44669272,21.61936542,7.405310236,13.1679919,22.35644864,8.950381649,6.89235714,15.08411324,4.495079136,18.94425719,14.61977011,3.505120254
Predmost 4,Upper Paleolithic H. sapiens,13.2941,4.1614,12.8049,7.8635,7.43,11.9516,18.6542,7.471,11.6361,13.2885,3.2011,6.1986,9.1532,12.2203,13.1619,7.4383,12.4857,11.9783,6.7621,12.5833,11.4905,6.9022,9.2136,11.1658,8.6397,11.4827,15.0374,6.7993,14.3555,12.0555,17.24381887,12.18296961,13.44342169,19.03921237,12.432173,12.38196609,19.748553,12.52338007,11.94237745,19.60030901,9.155010499,11.60764422,17.61889743,11.44126968,15.34984073,19.68850724,14.29602877,12.50399368,13.51252555,14.0214317,0.427596567,13.56516664,21.62730146,7.036451399,13.39535802,21.80790889,8.489031179,8.002312946,15.27691353,3.206495874,19.46941213,15.64547695,4.647338983
Upper Cave 101,Upper Paleolithic H. sapiens,12.9876,7.379,13.1505,6.978,9.7169,11.7355,18.3284,11.6611,12.195,13.2422,7.0635,6.0262,7.8286,15.0965,13.2888,5.6212,15.3566,11.6181,5.1944,15.3728,11.3084,5.6169,11.9324,11.0508,6.9264,14.6586,14.748,5.4564,17.1367,11.9896,16.5988,15.866,13.1882,18.5377,16.5129,11.4814,18.8942,16.4846,11.1176,19.0994,13.1727,10.8032,17.7508,15.7258,14.7817,18.3176,18.0891,11.8822,11.43245721,16.5305005,0.217638945,10.79131671,25.06595804,5.202672509,10.82087764,25.66157638,6.65505882,5.940681024,16.30887248,3.128746252,17.81200165,17.6440222,2.99726684
Upper Cave 103,Upper Paleolithic H. sapiens,13.9476,6.7085,11.588,8.756372493,9.435137016,10.46411449,18.7794,10.8415,10.6541,14.1207,6.7131,5.8335,8.9923,13.148,13.5247,7.4455,13.5526,11.8419,7.1243,13.5212,11.6116,NA,NA,NA,8.1847,12.6093,14.5253,7.076814806,15.65245109,12.16701522,17.0945,14.7284,13.4425,18.9132,15.3984,11.8986,19.2184,15.5144,11.6699,NA,NA,NA,18.5656,14.2079,14.2623,18.6192,17.272,12.3858,13.06206043,17.04235549,0.246324643,12.0962053,24.02954196,6.691031175,11.89769131,23.86925749,8.089617266,8.521877277,17.37839294,2.1770097,17.98714709,18.54070679,3.146956381
Australian19,H. sapiens,13.4561,8.8357,11.847,8.3286,11.2811,10.6031,18.0864,11.3228,10.5043,13.4719,7.2841,6.3815,9.8169,15.0021,11.9904,8.5502,15.3849,10.6623,8.175,15.4228,10.3777,7.9904,13.0305,10.1734,9.0525,14.4314,13.1695,7.9561,16.5664,10.6494,17.0008,14.992,11.8942,18.4946,15.4595,10.5539,18.8184,15.419,10.1983,18.8997,13.397,9.9112,17.9167,14.5016,13.0604,18.9583,16.8723,10.703,13.46219055,15.54432481,0.147049375,13.56862944,22.96407109,5.101093657,13.48125465,23.38704528,6.282378199,8.548874134,16.89478695,3.330218884,18.03576012,17.04396163,3.063465361
Australian21,H. sapiens,13.5576,8.8342,12.4624,8.2252,11.8361,10.6405,18.9673,11.5856,10.7058,13.5546,6.9935,6.7491,9.4477,15.5797,11.8349,8.1322,16.265,10.6856,7.9502,16.325,10.4524,7.4837,13.6516,10.3145,8.9158,15.3027,13.0941,7.8049,17.6917,10.8467,17.4777,15.3782,11.8206,18.8483,15.9818,10.7023,19.0772,16.0241,10.4837,19.5833,13.7123,10.3334,18.1903,14.9859,13.0154,19.0862,17.5331,10.847,13.80597274,16.16005991,0.290544423,13.89207424,24.39078681,5.822608285,13.83628327,24.49656887,7.228378924,9.235536382,17.41005548,2.594277415,17.6557766,17.38882145,2.31245909
Chinese01,H. sapiens,11.3896,13.5786,13.6354,5.8902,16.2746,13.0486,16.7067,16.2642,12.6472,11.5691,12.5562,7.7624,6.9387,20.6599,14.4384,6.0244,21.1416,13.157,5.3949,21.1219,12.5544,4.9813,18.0937,12.9477,6.186,20.2244,15.8486,5.6454,22.8385,13.0724,15.8118,20.7352,14.0925,17.2553,21.1518,12.9898,17.8086,21.0821,12.4987,17.8959,18.0824,11.8171,17.12730998,19.94398809,15.71806709,17.5523,22.8054,13.0675,11.62790289,20.80404995,1.302393994,11.90051988,28.52908652,7.131172324,11.96041715,28.81370538,8.739827128,6.670848538,22.88374288,4.055363134,16.50347155,22.35322497,3.532380908
Chinese12,H. sapiens,11.5198,12.144,13.5022,6.1208,15.3468,12.324,17.3865,15.7335,11.7535,11.6696,11.5644,7.3629,6.8915,20.1209,13.9351,5.4425,20.3532,12.0703,5.1575,20.3724,11.7341,5.3027,16.9861,11.4072,5.986,19.3581,15.4081,5.1961,22.0521,12.3466,16.2351,20.286,14.0302,17.9423,20.4237,12.1226,18.2747,20.3585,11.782,18.0149,18.1696,11.7164,16.8856,19.4511,15.5537,18.2585,22.3177,12.5421,11.6123497,20.79541222,1.02083523,11.69125876,29.06979293,6.777134832,11.75025173,29.42473791,8.364584051,7.061863234,23.53795472,3.544052715,16.31024406,23.22578628,3.450538524
East African07,H. sapiens,13.1466,3.5331,10.6794,7.6549,6.6963,9.8899,18.2968,6.5142,10.1356,13.326,3.5013,4.8265,8.9724,10.176,11.7057,7.7102,11.049,10.3037,7.3754,11.1435,9.9551,7.228,8.6389,9.3018,8.0575,9.8605,12.788,7.6411,12.539,10.7228,16.9937,10.1388,12.0272,18.371,10.9133,10.6529,18.7033,11.0001,10.3443,18.8664,8.559,10.0602,17.8423,9.7372,12.9549,18.2783,12.476,11.0988,13.66144241,12.12712871,0.037014444,13.44876652,19.13909882,6.022089156,13.3560721,19.22151303,7.076141638,8.317155769,14.02753565,3.46523306,18.49467945,13.96410562,4.117715352
East African09,H. sapiens,13.2315,3.8271,12.9365,7.6931,6.7782,11.2697,18.3835,6.5481,11.3657,12.6333,1.9799,6.3932,9.1356,11.2417,13.1481,7.4932,11.8349,11.7097,7.0671,11.9416,11.4117,6.8325,8.7286,10.9774,8.126331011,10.88664824,14.67253857,7.2306,13.6037,11.9549,17.125,11.1379,13.0049,18.8097,11.6502,11.5758,19.1279,11.6556,11.1719,19.4376,8.651,11.0445,18.0438,10.8465,14.6224,18.6373,13.4395,11.9641,13.17941752,12.03044202,0.347038508,13.19381746,20.36772533,5.876064571,13.17610119,20.60970373,7.307536554,7.569695305,14.22759103,3.804514815,18.5210494,13.57750737,3.365149476
Eskimo (Inusguk)08,H. sapiens,8.67956,6.63592,13.57836,2.62041,9.85106,12.37301,14.11024,10.23312,12.65872,8.85082,5.52346,7.76755,4.29253,14.67064,13.60993,2.68078,14.65762,11.87611,2.26699,14.7528,11.55403,2.00605,11.64124,11.42647,3.14885,13.90262,14.83177,2.46358,16.30992,12.13988,12.67946,14.65141,13.86058,14.39778,14.86366,12.38493,14.89166,14.70701,11.80775,15.06418,11.93094,11.81302,14.06813,13.98309,15.09697,14.63299,16.58569,12.65328,9.161528839,14.42511766,0.749593483,8.919542152,22.81902655,5.452385515,8.827799763,23.39652338,7.523939539,3.690140601,16.02435395,3.318396941,13.90901621,16.30511419,3.476141104
Eskimo (Inusguk)13,H. sapiens,12.0219,7.96973,11.87297,5.69118,10.814,11.52747,16.19332,11.88468,11.00233,11.39931,8.84489,4.70488,6.27764,15.36166,13.8478,4.6447,15.65943,12.06468,4.09486,15.63594,11.68402,4.39206,12.68689,11.17835,5.26775,15.02281,14.5701,4.14038,17.47389,12.67974,15.08953,16.17075,13.63656,16.71413,16.76444,11.85929,17.16598,16.59546,11.32701,17.17614,14.12076,10.44957,16.16457356,16.08896702,14.32807924,16.59281,18.68526,12.59534,10.18977115,17.78554171,0.141773084,9.613094494,25.43517953,5.749726085,9.759190761,25.90004261,7.423667918,4.905129439,19.37628506,3.067394153,14.31931422,19.51723721,2.153102179
Europe02,H. sapiens,11.2943,5.8114,14.9029,5.6863,8.9684,12.5693,17.6844,9.1353,12.795,11.4707,4.9376,8.0529,7.2224,14.1828,13.9874,6.0247,14.4917,12.4787,5.5882,14.4749,12.2532,5.2153,11.929,12.5021,6.4806,13.6736,15.3311,5.5935,16.0883,12.4136,16.3749,13.9402,13.9041,17.8923,14.3209,12.5521,18.2164,14.256,12.4041,18.611,11.5409,12.5513,16.9492,13.5328,15.2891,18.1936,15.8202,12.5237,11.90400265,13.8452733,1.252103962,11.80997577,22.21973524,6.017393747,11.93962503,22.86276363,7.765312424,7.104615292,15.07463868,2.853849954,17.13061956,15.35275559,3.890770921
Europe14,H. sapiens,16.0847,7.4279,13.7649,10.3961,9.2501,11.92,20.9878,10.17,11.7313,16.0014,5.7814,6.9815,11.3513,13.417,13.5093,9.8203,13.7596,12.2233,9.3528,13.7887,11.8047,9.5726,10.6136,11.3357,10.5958,13.2898,14.8999,9.4982,15.3306,12.27,19.7627,13.9616,13.3799,21.2249,14.6484,11.9778,21.6156,14.637,11.6265,21.946,11.8626,10.9551,20.5567,13.9396,14.8365,21.0652,16.1736,12.1932,15.23699879,13.63686925,0.991396718,15.00698488,21.75824645,6.382259532,14.78953584,22.18145645,7.989115116,9.790489634,15.66730673,4.150181277,20.37352714,16.44359218,3.987475893
Grand Gulch1,H. sapiens,11.6514,6.3437,12.6624,6.6251,9.705,10.9203,16.9706,9.42,10.9146,11.9119,5.0793,7.1982,8.0872,13.9127,12.2804,6.4786,14.2023,10.8109,6.1513,14.1268,10.6109,5.8878,11.5108,10.1774,7.1577,13.7301,13.7547,6.3242,15.7659,11.0224,15.6503,13.8629,12.2639,17.1735,14.1654,10.8388,17.6454,14.1253,10.3888,17.8397,11.6385,10.1726,16.5298,13.5064,13.5757,17.424,15.7332,11.0551,12.08856096,13.8931782,0.205369082,12.18412787,21.50537766,4.341477942,12.1291418,21.98560423,5.584843577,7.26505052,15.56965728,2.537772831,16.47898945,15.29598133,2.408205391
Grand Gulch12,H. sapiens,17.4541,6.4077,13.2021,11.6764,9.7181,11.6311,22.4378,9.3751,11.8859,17.4024,5.303,8.6064,12.9609,14.6021,12.7589,11.5207,14.7464,11.3801,11.0645,14.7042,10.9567,10.9525,11.5464,11.5544,11.993,14.4548,14.4135,11.2067,16.398,11.121,21.4689,14.6056,12.8569,23.1873,14.5352,11.5714,23.6363,14.3744,11.1795,23.4027,11.2647,11.2595,22.4045,14.1138,14.4528,23.6463,16.3787,11.436,17.18429408,13.51157958,0.187560148,17.59050909,21.94808756,4.21387903,17.65100378,23.06191575,5.825520593,12.35702155,15.90642474,2.744203794,22.03426668,15.33972459,2.636822957
KhoiSan12,H. sapiens,5.4023,14.0558,12.7623,-0.1168,16.1304,10.6659,10.8177,16.5411,10.5959,5.2849,11.8788,6.2781,1.0375,20.2385,11.6876,-0.4875,20.7236,10.203,-0.7395,20.7001,9.9031,-0.8651,17.9387,9.9016,0.4327,19.5269,13.5493,-0.6786,22.2932,10.3642,9.2995,20.8824,11.7591,10.8161,21.2363,10.2643,11.0223,21.2408,10.0729,11.3812,18.4569,9.8748,10.1407,20.2976,13.5728,10.9768,22.7544,10.2604,5.102052481,20.64988906,0.051196662,4.991309726,28.90846785,5.16312663,5.070272359,29.05553644,6.374840979,-0.077469856,22.06649505,2.950968524,10.45246656,22.17487335,2.998240623
KhoiSan28,H. sapiens,1.7189,11.1018,12.304,-4.0776,14.5339,11.3536,7.3791,14.4003,11.3189,1.551,10.2014,6.4383,-2.5252,18.7684,12.3439,-3.8802,19.6868,11.5681,-4.0771,19.6573,11.3139,-4.8276,16.0642,10.5283,-3.2943,18.641,14.0049,-3.9626,21.0021,11.6386,5.9954,18.87,12.2431,7.5161,19.4961,11.0839,7.6879,19.3765,10.794,8.4263,16.0483,10.1885,6.9287,18.4589,13.8989,7.4572,20.7117,11.0168,1.737273971,19.04197619,0.285528121,1.959693191,28.04931808,6.533152336,1.987247173,28.11529249,7.341276092,-3.633164331,21.36585468,3.134056543,7.097629203,20.80006241,2.921411971
Melanesian07,H. sapiens,8.7661,7.7407,12.5231,5.6939,11.7027,11.3064,13.981,7.6445,11.5151,8.1974,6.3768,7.1954,8.3818,15.0826,12.7293,7.1678,15.8793,11.3141,6.7493,16.0794,10.973,5.7472,13.9407,11.2958,7.5085,15.2011,13.772,7.3773,16.8742,11.0141,14.9723,11.7391,12.5559,16.3837,11.4948,11.3425,16.8712,11.1204,10.9633,15.8514,9.2193,11.02,15.6638,11.3583,13.8115,17.3325,12.4259,11.0788,11.89379118,13.48107602,0.492762301,14.75097625,19.89017099,5.084576089,14.92397892,20.3599116,6.348436509,7.959957954,17.01858035,3.0021729,16.78634121,12.68897153,3.02205079
Melanesian14,H. sapiens,9.01,7.8501,14.9021,5.8837,11.8663,13.3227,14.3939,7.0368,12.9148,7.445,5.5507,8.472,9.1162,14.9515,14.0802,8.4205,16.0852,13.0136,7.7454,16.3917,12.4116,5.9891,14.3682,11.9721,8.3697,15.5116,15.5673,8.4699,17.3327,12.3233,15.5906,11.1548,14.0172,16.6484,11.1535,12.7847,17.1881,10.7173,12.2602,16.0891,8.2666,11.6139,16.2166,10.955,15.4228,17.7105,11.9102,12.2444,11.78550218,13.19505686,0.657257103,15.96386823,19.69656526,5.616874782,16.12467439,20.00406853,6.912986227,7.927203581,16.76729214,3.115488112,16.42280247,11.73067165,2.695268358
Near Eastern08,H. sapiens,12.2062,11.2406,12.0749,6.7661,15.5969,11.0375,18.0174,15.4056,11.9487,12.719,12.1192,5.7109,8.0265,19.4759,13.0865,6.67,20.37,11.8576,6.1608,20.5344,11.3811,6.2133,17.732,10.9131,6.481819823,18.95005425,14.65286792,6.304,21.8445,12.4566,17.0023,19.5392,13.3421,18.3928,20.3445,12.0674,18.6994,20.4674,11.6986,18.5772841,17.90690641,11.09772979,18.1629,19.1153,14.8273,18.3613,21.782,12.6566,12.60358274,22.76756622,1.170100357,12.0967598,29.43069107,8.022439466,12.15531609,29.7456822,9.544618146,6.782351751,24.00260868,4.525046545,17.65257696,23.92347869,4.529633554
Near Eastern15,H. sapiens,11.2152,12.8891,13.7844,6.0005,16.149,12.8196,16.5276,15.5291,13.3426,11.5083,12.0124,8.5801,7.1929,20.6018,14.326,5.9677,20.9451,12.9052,5.7766,20.9787,12.7472,5.3257,18.3127,12.604,6.2412,19.6533,15.4665,6.0703,22.2809,13.0972,15.4859,19.8296,14.7557,17.1562,19.8185,13.3272,17.3645,19.8074,13.1018,17.5471,17.223,12.7039,16.3769,18.8484,15.8673,17.1867,21.4019,13.406,11.58360265,21.72495008,1.536609372,12.24552743,29.42459843,8.35934165,12.05624449,29.46334801,9.163973765,5.470836864,23.55338499,5.45743172,17.67972813,22.58779835,4.912781729
Tasmania1,H. sapiens,22.3803,8.4543,12.1978,17.2645,11.0161,11.1573,27.1891,11.13,10.9134,22.1559,7.6255,6.5132,18.2671,15.1278,12.964,16.5957,15.4111,11.5934,16.3046,15.532,11.198,16.2342,12.4542,10.8005,17.14585558,14.62046473,13.44748833,16.3873,17.0449,11.6311,26.3505,15.2246,12.6663,28.0639,15.3676,11.2014,28.3679,15.3508,10.6937,28.2288,12.6456,10.478,27.5625,14.4922,13.2535,28.2738,17.0213,11.2516,22.56385674,16.71282002,0.405734672,22.43413077,23.84461426,5.284326215,22.38374099,24.48059363,6.867117933,17.18545071,17.29666994,3.217602309,27.54348622,17.65073342,3.143590035
Tasmania5,H. sapiens,22.651,5.5909,12.4775,16.9706,9.3233,11.2743,28.111,9.3604,11.4717,22.7059,5.1454,7.0658,18.2247,13.9011,13.034,16.22,14.3141,11.3046,15.921,14.4132,10.8247,16.0682,10.9473,11.1154,17.1262,13.3565,14.1464,15.9777,15.8841,11.5226,26.5498,14.0501,12.6211,28.4706,14.4997,11.307,28.8207,14.6103,10.9062,28.9471,11.26,10.881,27.4053,13.6556,14.0269,28.486,16.0643,11.5176,22.77176346,15.39847522,0.017399567,22.56312322,23.57461389,6.7776611,22.44754951,23.5603009,7.709095851,18.1225105,15.7649707,2.048232069,27.0457311,15.87289807,1.901084654
Thai06,H. sapiens,12.1548,13.497,11.2822,6.6799,15.8385,10.7972,16.9263,16.0877,10.7163,12.054,13.2502,6.0541,7.6258,19.6823,13.1184,6.1733,20.0269,11.5605,5.8278,19.9561,11.2212,5.6762,17.546,10.7378,6.8121,18.8448,14.1063,5.7693,21.6748,11.9668,16.1751,19.8929,13.2833,17.6496,20.3951,11.835,18.0164,20.4782,11.4762,18.2525,18.0132,10.5236,17.0188,19.2503,14.3479,17.8581,22.0619,12.2568,12.08866606,22.40528594,0.734391143,11.77036103,28.82270527,7.260189482,11.70852923,28.68848134,8.845384207,6.829853809,23.7247657,3.728518749,17.17389321,23.91550584,4.229407879
Thai08,H. sapiens,12.1351,13.4161,12.8471,6.7124,15.8019,12.1874,17.6828,15.8228,12.2727,12.4671,13.0024,5.9038,7.6406,19.912,14.4965,6.0553,20.467,13.3486,5.6349,20.4109,12.8788,5.7132,17.4931,11.8261,6.7795,19.2201,16.1051,5.7702,22.1526,13.6548,16.5478,19.9769,14.6548,18.0674,20.8916,13.5429,18.498,20.9779,13.1915,18.6595,17.5771,12.1345,17.2934,19.4861,16.2856,18.1118,22.5255,13.9014,12.14535212,23.3109727,1.555295214,11.785466,30.36228863,9.043987487,11.64556508,30.2311602,10.43702888,6.154928825,24.79470705,5.166885214,17.08657551,24.48553471,4.57507284
Zulu01,H. sapiens,13.2752,8.5791,12.0009,8.0619,11.1083,10.6318,18.5446,11.4711,10.3054,13.3745,7.6141,5.4447,8.8872,15.3732,13.3639,7.6044,15.8798,12.011,7.2975,15.8875,11.6668,7.4093,12.2946,10.3063,8.087,14.6927,14.7874,7.3741,17.5094,12.6679,17.3283,15.6002,12.918,18.5799,16.3706,11.5427,18.7908,16.461,11.1353,19.2694,13.68,10.4031,18.1175,15.1953,14.3894,18.4763,18.0682,12.1558,12.93790822,18.72263356,0.684471159,12.66947711,26.12820495,7.963891649,12.51991099,26.10491316,9.00956915,7.976592879,19.13292338,2.833601772,17.27748367,19.766781,2.715893284
Zulu23,H. sapiens,13.1649,9.1601,12.2702,7.8231,11.8853,10.9871,18.5253,12.459,11.3914,13.7658,7.7397,5.1649,8.7638,16.121,13.1335,7.5765,16.6764,11.6688,7.1752,16.5868,11.2815,7.0757,13.7778,10.2866,7.9455,15.1959,14.4525,7.032,18.1999,11.8434,16.8996,16.3442,13.1405,18.4064,16.9575,11.6101,18.7818,16.9383,11.2887,19.1526,13.6813,10.8691,17.7367,15.6161,14.5503,18.6331,18.682,12.0026,13.30318058,18.93295775,0.312916316,12.85220066,25.71099889,7.263710406,12.70111555,25.59792876,8.692984472,7.81226066,19.79170019,3.626410722,18.38553765,19.68635587,3.515685014
